--
-- Script was generated by Devart dbForge Studio 2019 for MySQL, Version 8.1.22.0
-- Product home page: http://www.devart.com/dbforge/mysql/studio
-- Script date 4/23/2019 7:12:38 PM
-- Server version: 5.7.24
-- Client version: 4.1
--


-- 
-- Set SQL mode
-- 
/*!40101 SET @OLD_SQL_MODE=@@SQL_MODE, SQL_MODE='NO_AUTO_VALUE_ON_ZERO' */;

-- 
-- Set character set the client will use to send SQL statements to the server
--
SET NAMES 'utf8';

DROP DATABASE IF EXISTS medical_clinic;

CREATE DATABASE medical_clinic
CHARACTER SET utf8
COLLATE utf8_general_ci;

--
-- Set default database
--
USE medical_clinic;

--
-- Create table `state`
--
CREATE TABLE state (
  State_ID int(2) NOT NULL AUTO_INCREMENT,
  State_code char(2) NOT NULL,
  State_name varchar(20) NOT NULL,
  PRIMARY KEY (State_ID)
)
ENGINE = INNODB,
AUTO_INCREMENT = 53,
AVG_ROW_LENGTH = 315,
CHARACTER SET utf8,
COLLATE utf8_unicode_ci;

--
-- Create index `State_code` on table `state`
--
ALTER TABLE state
ADD UNIQUE INDEX State_code (State_code);

--
-- Create index `State_name` on table `state`
--
ALTER TABLE state
ADD UNIQUE INDEX State_name (State_name);

--
-- Create table `office`
--
CREATE TABLE office (
  Office_ID int(5) UNSIGNED ZEROFILL NOT NULL AUTO_INCREMENT,
  Office_Name varchar(25) NOT NULL,
  Street_Number int(6) UNSIGNED NOT NULL,
  Street_Name varchar(30) NOT NULL,
  City varchar(20) NOT NULL,
  State_ID int(2) NOT NULL,
  Zipcode int(5) UNSIGNED NOT NULL,
  PRIMARY KEY (Office_ID),
  UNIQUE INDEX Office_ID_UNIQUE (Office_ID)
)
ENGINE = INNODB,
AUTO_INCREMENT = 19,
AVG_ROW_LENGTH = 1638,
CHARACTER SET utf8,
COLLATE utf8_unicode_ci;

--
-- Create index `Office_Name_UNIQUE` on table `office`
--
ALTER TABLE office
ADD UNIQUE INDEX Office_Name_UNIQUE (Office_Name);

--
-- Create foreign key
--
ALTER TABLE office
ADD CONSTRAINT `office.state_fk_state.state_id` FOREIGN KEY (State_ID)
REFERENCES state (State_ID);

--
-- Create table `general_info`
--
CREATE TABLE general_info (
  Hospital_ID int(8) UNSIGNED ZEROFILL NOT NULL AUTO_INCREMENT,
  First_Name varchar(15) NOT NULL,
  Last_Name varchar(20) NOT NULL,
  Middle_Initial char(1) DEFAULT NULL,
  DOB date NOT NULL,
  Street_Number int(8) NOT NULL,
  Street_Name varchar(30) NOT NULL,
  Apt_Number int(5) DEFAULT NULL,
  City varchar(20) NOT NULL,
  State_ID int(2) NOT NULL,
  Zipcode int(5) NOT NULL,
  Email varchar(30) NOT NULL,
  Phone_Number varchar(10) NOT NULL,
  Sex enum ('male', 'female') NOT NULL,
  Ethnicity enum ('White', 'African American', 'Asian', 'Native American', 'Pacific Islanders', 'Hispanic', 'Others') DEFAULT NULL,
  Created_At timestamp NOT NULL DEFAULT CURRENT_TIMESTAMP ON UPDATE CURRENT_TIMESTAMP,
  Last_Updated timestamp NOT NULL DEFAULT '0000-00-00 00:00:00',
  PRIMARY KEY (Hospital_ID),
  UNIQUE INDEX Hospital_ID_UNIQUE (Hospital_ID)
)
ENGINE = INNODB,
AUTO_INCREMENT = 1081,
AVG_ROW_LENGTH = 321,
CHARACTER SET utf8,
COLLATE utf8_unicode_ci;

--
-- Create index `Email` on table `general_info`
--
ALTER TABLE general_info
ADD UNIQUE INDEX Email (Email);

--
-- Create index `Email_UNIQUE` on table `general_info`
--
ALTER TABLE general_info
ADD UNIQUE INDEX Email_UNIQUE (Email);

--
-- Create foreign key
--
ALTER TABLE general_info
ADD CONSTRAINT `gen_info.state_fk_state.state_id` FOREIGN KEY (State_ID)
REFERENCES state (State_ID);

--
-- Create table `staff`
--
CREATE TABLE staff (
  Staff_ID int(8) UNSIGNED ZEROFILL NOT NULL,
  Office_Location_ID int(5) UNSIGNED ZEROFILL NOT NULL,
  Employed_Since date NOT NULL,
  Working_date char(11) NOT NULL,
  Employment_Status enum ('Employed', 'Unemployed') NOT NULL DEFAULT 'Employed',
  PRIMARY KEY (Staff_ID)
)
ENGINE = INNODB,
AVG_ROW_LENGTH = 321,
CHARACTER SET utf8,
COLLATE utf8_unicode_ci;

--
-- Create foreign key
--
ALTER TABLE staff
ADD CONSTRAINT `STAFF.Office_Location_ID_fk_OFFICE.Office_ID` FOREIGN KEY (Office_Location_ID)
REFERENCES office (Office_ID);

--
-- Create foreign key
--
ALTER TABLE staff
ADD CONSTRAINT `STAFF.Staff_ID_fk_general_info.hospital_id` FOREIGN KEY (Staff_ID)
REFERENCES general_info (Hospital_ID);

--
-- Create table `log_in`
--
CREATE TABLE log_in (
  User_ID int(8) UNSIGNED ZEROFILL NOT NULL,
  UserName varchar(20) NOT NULL,
  Password_Hash varchar(72) NOT NULL,
  PRIMARY KEY (User_ID)
)
ENGINE = INNODB,
AVG_ROW_LENGTH = 107,
CHARACTER SET utf8,
COLLATE utf8_unicode_ci;

--
-- Create index `UserName_UNIQUE` on table `log_in`
--
ALTER TABLE log_in
ADD UNIQUE INDEX UserName_UNIQUE (UserName);

--
-- Create foreign key
--
ALTER TABLE log_in
ADD CONSTRAINT `login.user_Id_fk_general_info.hospital_id` FOREIGN KEY (User_ID)
REFERENCES general_info (Hospital_ID);

--
-- Create table `admin`
--
CREATE TABLE admin (
  Admin_ID int(8) UNSIGNED ZEROFILL NOT NULL,
  PRIMARY KEY (Admin_ID)
)
ENGINE = INNODB,
AVG_ROW_LENGTH = 16384,
CHARACTER SET utf8,
COLLATE utf8_unicode_ci;

--
-- Create foreign key
--
ALTER TABLE admin
ADD CONSTRAINT `ADMIN.Amin_ID_FK_GENERALINFO.Hospital_ID` FOREIGN KEY (Admin_ID)
REFERENCES general_info (Hospital_ID) ON DELETE NO ACTION ON UPDATE NO ACTION;

--
-- Create table `specialization`
--
CREATE TABLE specialization (
  Specialization_ID int(3) NOT NULL AUTO_INCREMENT,
  Type varchar(30) NOT NULL,
  PRIMARY KEY (Specialization_ID)
)
ENGINE = INNODB,
AUTO_INCREMENT = 22,
AVG_ROW_LENGTH = 819,
CHARACTER SET utf8,
COLLATE utf8_unicode_ci;

--
-- Create index `Type` on table `specialization`
--
ALTER TABLE specialization
ADD UNIQUE INDEX Type (Type);

--
-- Create table `doctor`
--
CREATE TABLE doctor (
  Doctor_ID int(8) UNSIGNED ZEROFILL NOT NULL,
  Specialization_ID int(3) NOT NULL,
  Employed_Since date NOT NULL,
  Employment_Status enum ('Employed', 'Not Employed') DEFAULT 'Employed',
  PRIMARY KEY (Doctor_ID)
)
ENGINE = INNODB,
AVG_ROW_LENGTH = 321,
CHARACTER SET utf8,
COLLATE utf8_unicode_ci;

--
-- Create index `Doctor_ID_UNIQUE` on table `doctor`
--
ALTER TABLE doctor
ADD UNIQUE INDEX Doctor_ID_UNIQUE (Doctor_ID);

--
-- Create foreign key
--
ALTER TABLE doctor
ADD CONSTRAINT `Doctor.specialized_id_fk_specialization.specialization_id` FOREIGN KEY (Specialization_ID)
REFERENCES specialization (Specialization_ID);

--
-- Create foreign key
--
ALTER TABLE doctor
ADD CONSTRAINT `doctor.doctor_id_fk_general_information.hospital_id` FOREIGN KEY (Doctor_ID)
REFERENCES general_info (Hospital_ID);

--
-- Create table `doctor_office`
--
CREATE TABLE doctor_office (
  Office_ID int(5) UNSIGNED ZEROFILL NOT NULL,
  Doctor_ID int(8) UNSIGNED ZEROFILL NOT NULL,
  Start_Date date NOT NULL,
  End_Date date DEFAULT NULL,
  Working_date char(11) NOT NULL,
  PRIMARY KEY (Office_ID, Doctor_ID, Start_Date)
)
ENGINE = INNODB,
AVG_ROW_LENGTH = 125,
CHARACTER SET utf8,
COLLATE utf8_unicode_ci;

--
-- Create foreign key
--
ALTER TABLE doctor_office
ADD CONSTRAINT `DOCTOR_OFFICE.doctor_id_fk_DOCTOR.doctor_id` FOREIGN KEY (Doctor_ID)
REFERENCES doctor (Doctor_ID);

--
-- Create foreign key
--
ALTER TABLE doctor_office
ADD CONSTRAINT `DOCTOR_OFFICE.office_id_fk_OFFICE.doctor_id` FOREIGN KEY (Office_ID)
REFERENCES office (Office_ID);

--
-- Create table `insurance_info`
--
CREATE TABLE insurance_info (
  Insurance_ID int(7) UNSIGNED ZEROFILL NOT NULL,
  Insurance_Name varchar(30) DEFAULT NULL,
  Deductible decimal(13, 2) DEFAULT NULL,
  Expiration date DEFAULT NULL,
  Insur_Phone varchar(10) DEFAULT NULL,
  PRIMARY KEY (Insurance_ID)
)
ENGINE = INNODB,
CHARACTER SET utf8,
COLLATE utf8_unicode_ci;

--
-- Create table `patient`
--
CREATE TABLE patient (
  Patient_ID int(8) UNSIGNED ZEROFILL NOT NULL,
  Patient_Since date DEFAULT NULL,
  Insurance_ID int(7) UNSIGNED ZEROFILL DEFAULT NULL,
  Primary_physician_ID int(8) UNSIGNED ZEROFILL NOT NULL,
  Approval_Status enum ('T', 'F') NOT NULL DEFAULT 'F',
  PRIMARY KEY (Patient_ID)
)
ENGINE = INNODB,
AVG_ROW_LENGTH = 327,
CHARACTER SET utf8,
COLLATE utf8_unicode_ci;

--
-- Create index `PATIENT`.`physian_id_fk_INSURANCE_INFO`.`Insurance_ID_idx` on table `patient`
--
ALTER TABLE patient
ADD INDEX `PATIENT.physian_id_fk_INSURANCE_INFO.Insurance_ID_idx` (Insurance_ID);

--
-- Create index `Patient_ID_UNIQUE` on table `patient`
--
ALTER TABLE patient
ADD UNIQUE INDEX Patient_ID_UNIQUE (Patient_ID);

--
-- Create foreign key
--
ALTER TABLE patient
ADD CONSTRAINT `PATIENT.Insurance_id_fk_INSURANCE_INFO.Insurance_ID` FOREIGN KEY (Insurance_ID)
REFERENCES insurance_info (Insurance_ID) ON DELETE SET NULL ON UPDATE CASCADE;

--
-- Create foreign key
--
ALTER TABLE patient
ADD CONSTRAINT `Patient.physican_ID_fk_doctor.doctor_id` FOREIGN KEY (Primary_physician_ID)
REFERENCES doctor (Doctor_ID);

--
-- Create foreign key
--
ALTER TABLE patient
ADD CONSTRAINT `patient.patient_ID_fk_general_info.hospital_id` FOREIGN KEY (Patient_ID)
REFERENCES general_info (Hospital_ID);

--
-- Create table `specialistrequest`
--
CREATE TABLE specialistrequest (
  Requested_ID int(8) UNSIGNED ZEROFILL NOT NULL AUTO_INCREMENT,
  Doctor_ID int(8) UNSIGNED ZEROFILL NOT NULL,
  Patient_ID int(8) UNSIGNED ZEROFILL NOT NULL,
  Requested_Status enum ('Pending', 'Approved', 'Denied') NOT NULL,
  Requested_Date datetime NOT NULL,
  Requested_Reason varchar(100) NOT NULL,
  PRIMARY KEY (Requested_ID)
)
ENGINE = INNODB,
AUTO_INCREMENT = 80,
AVG_ROW_LENGTH = 16384,
CHARACTER SET utf8,
COLLATE utf8_general_ci;

--
-- Create index `FK_Doctor_ID_idx` on table `specialistrequest`
--
ALTER TABLE specialistrequest
ADD INDEX FK_Doctor_ID_idx (Doctor_ID);

--
-- Create index `FK_Patient_ID_idx` on table `specialistrequest`
--
ALTER TABLE specialistrequest
ADD INDEX FK_Patient_ID_idx (Patient_ID);

--
-- Create foreign key
--
ALTER TABLE specialistrequest
ADD CONSTRAINT FK_Doctor_ID FOREIGN KEY (Doctor_ID)
REFERENCES patient (Primary_physician_ID) ON DELETE NO ACTION ON UPDATE NO ACTION;

--
-- Create foreign key
--
ALTER TABLE specialistrequest
ADD CONSTRAINT FK_Patient_ID FOREIGN KEY (Patient_ID)
REFERENCES patient (Patient_ID);

--
-- Create table `prescription`
--
CREATE TABLE prescription (
  Prescription_ID int(10) UNSIGNED ZEROFILL NOT NULL AUTO_INCREMENT,
  Drug_Name varchar(30) NOT NULL,
  Assigned_By int(8) UNSIGNED ZEROFILL NOT NULL,
  Usage_Note varchar(100) NOT NULL,
  Num_Refill int(2) UNSIGNED NOT NULL,
  Patient_ID int(8) UNSIGNED ZEROFILL NOT NULL,
  Appt_ID int(10) UNSIGNED ZEROFILL DEFAULT NULL,
  PRIMARY KEY (Prescription_ID),
  UNIQUE INDEX Prescription_ID_UNIQUE (Prescription_ID)
)
ENGINE = INNODB,
AUTO_INCREMENT = 6,
CHARACTER SET utf8,
COLLATE utf8_unicode_ci;

--
-- Create index `fk_Prescription_Patient_idx` on table `prescription`
--
ALTER TABLE prescription
ADD INDEX fk_Prescription_Patient_idx (Patient_ID);

--
-- Create index `PRESCRIPTION`.`Appt_ID_FK_PostAppt`.`Appt_ID_idx` on table `prescription`
--
ALTER TABLE prescription
ADD INDEX `PRESCRIPTION.Appt_ID_FK_PostAppt.Appt_ID_idx` (Appt_ID);

--
-- Create foreign key
--
ALTER TABLE prescription
ADD CONSTRAINT `PRESCRIPTION.Assigned_By_FK_DOCTOR.Doctor_ID` FOREIGN KEY (Assigned_By)
REFERENCES doctor (Doctor_ID);

--
-- Create foreign key
--
ALTER TABLE prescription
ADD CONSTRAINT `PRESCRIPTION.Patient_ID_FK_PATIENT.patient_id` FOREIGN KEY (Patient_ID)
REFERENCES patient (Patient_ID);

--
-- Create table `health_profile`
--
CREATE TABLE health_profile (
  Health_Profile_ID int(8) UNSIGNED ZEROFILL NOT NULL,
  BloodType enum ('A+', 'A-', 'B+', 'B-', 'AB+', 'AB-', 'O+', 'O-') DEFAULT NULL,
  Health_Summary varchar(100) DEFAULT NULL,
  Height decimal(5, 2) UNSIGNED DEFAULT NULL,
  Weight decimal(5, 2) UNSIGNED DEFAULT NULL,
  PRIMARY KEY (Health_Profile_ID)
)
ENGINE = INNODB,
AVG_ROW_LENGTH = 327,
CHARACTER SET utf8,
COLLATE utf8_unicode_ci;

--
-- Create foreign key
--
ALTER TABLE health_profile
ADD CONSTRAINT `HEALTH_PROFILE.Health_Profile_ID_FK_PATIENT.patient_id` FOREIGN KEY (Health_Profile_ID)
REFERENCES patient (Patient_ID);

--
-- Create table `appointment`
--
CREATE TABLE appointment (
  Appt_ID int(10) UNSIGNED ZEROFILL NOT NULL AUTO_INCREMENT,
  App_Type enum ('Specialist', 'General') NOT NULL,
  App_date date NOT NULL,
  App_hour int(2) NOT NULL,
  Created_At timestamp NOT NULL DEFAULT CURRENT_TIMESTAMP ON UPDATE CURRENT_TIMESTAMP,
  Last_Updated timestamp NOT NULL DEFAULT '0000-00-00 00:00:00',
  Confirm_By int(8) UNSIGNED ZEROFILL DEFAULT NULL,
  With_Doctor int(8) UNSIGNED ZEROFILL NOT NULL,
  Patient_ID int(8) UNSIGNED ZEROFILL NOT NULL,
  App_Location_ID int(5) UNSIGNED ZEROFILL NOT NULL,
  Appt_Status enum ('Booked', 'Cancelled', 'Completed', 'Process') NOT NULL DEFAULT 'Booked',
  PRIMARY KEY (Appt_ID),
  UNIQUE INDEX Appt_ID_UNIQUE (Appt_ID)
)
ENGINE = INNODB,
AUTO_INCREMENT = 1000000713,
AVG_ROW_LENGTH = 8192,
CHARACTER SET utf8,
COLLATE utf8_unicode_ci;

--
-- Create foreign key
--
ALTER TABLE appointment
ADD CONSTRAINT `APPOINTMENT.App_Location_ID_FK_OFFICE.office_id` FOREIGN KEY (App_Location_ID)
REFERENCES office (Office_ID);

--
-- Create foreign key
--
ALTER TABLE appointment
ADD CONSTRAINT `APPOINTMENT.Confirm_By_FK_STAFF.staff_id` FOREIGN KEY (Confirm_By)
REFERENCES staff (Staff_ID);

--
-- Create foreign key
--
ALTER TABLE appointment
ADD CONSTRAINT `APPOINTMENT.patient_id_FK_PATIENT.patient_id` FOREIGN KEY (Patient_ID)
REFERENCES patient (Patient_ID);

--
-- Create foreign key
--
ALTER TABLE appointment
ADD CONSTRAINT `APPOINTMENT.with_doctor_FK_DOCTOR.doctor_id` FOREIGN KEY (With_Doctor)
REFERENCES doctor (Doctor_ID);

--
-- Create table `post_appointment`
--
CREATE TABLE post_appointment (
  Appointment_ID int(10) UNSIGNED ZEROFILL NOT NULL,
  Doctor_Diagnosis varchar(200) NOT NULL,
  Balance_Due decimal(13, 2) NOT NULL,
  Blood_Test_ID int(7) UNSIGNED DEFAULT NULL,
  Prescription_ID int(10) UNSIGNED ZEROFILL DEFAULT NULL,
  PRIMARY KEY (Appointment_ID)
)
ENGINE = INNODB,
CHARACTER SET utf8,
COLLATE utf8_unicode_ci;

--
-- Create index `POST_APPT`.`PrescriptID_FK_PRESCRIPTION`.`PrescriptID_idx` on table `post_appointment`
--
ALTER TABLE post_appointment
ADD INDEX `POST_APPT.PrescriptID_FK_PRESCRIPTION.PrescriptID_idx` (Prescription_ID);

--
-- Create foreign key
--
ALTER TABLE post_appointment
ADD CONSTRAINT `POST_APPOINTMENT.Appointment_ID_FK_APPOINTMENT.appt_id` FOREIGN KEY (Appointment_ID)
REFERENCES appointment (Appt_ID);

--
-- Create foreign key
--
ALTER TABLE post_appointment
ADD CONSTRAINT `POST_APPT.PrescriptID_FK_PRESCRIPTION.PrescriptID` FOREIGN KEY (Prescription_ID)
REFERENCES prescription (Prescription_ID) ON DELETE SET NULL ON UPDATE CASCADE;

--
-- Create foreign key
--
ALTER TABLE prescription
ADD CONSTRAINT `PRESCRIPTION.Appt_ID_FK_POSTAPPT.Appt_ID` FOREIGN KEY (Appt_ID)
REFERENCES post_appointment (Appointment_ID) ON DELETE NO ACTION ON UPDATE NO ACTION;

--
-- Create table `blood_test_result`
--
CREATE TABLE blood_test_result (
  Blood_test_id int(7) UNSIGNED ZEROFILL NOT NULL AUTO_INCREMENT,
  White_blood_Cell_Count decimal(10, 0) UNSIGNED DEFAULT NULL,
  Red_blood_Cell_Count decimal(10, 0) UNSIGNED DEFAULT NULL,
  Hemoglobin decimal(10, 0) UNSIGNED DEFAULT NULL,
  Hematocrit decimal(10, 0) UNSIGNED DEFAULT NULL,
  MCV decimal(10, 0) UNSIGNED DEFAULT NULL,
  MCH decimal(10, 0) UNSIGNED DEFAULT NULL,
  RDW decimal(10, 0) UNSIGNED DEFAULT NULL,
  Platelet_Count decimal(10, 0) UNSIGNED DEFAULT NULL,
  Lymphocyte decimal(10, 0) UNSIGNED DEFAULT NULL,
  Monocyte decimal(10, 0) UNSIGNED DEFAULT NULL,
  Cholesterol decimal(10, 0) UNSIGNED DEFAULT NULL,
  Iron decimal(10, 0) UNSIGNED DEFAULT NULL,
  Sodium decimal(10, 0) UNSIGNED DEFAULT NULL,
  Potassium decimal(10, 0) UNSIGNED DEFAULT NULL,
  Appt_ID int(10) UNSIGNED ZEROFILL NOT NULL,
  PRIMARY KEY (Blood_test_id)
)
ENGINE = INNODB,
AUTO_INCREMENT = 7,
CHARACTER SET utf8,
COLLATE utf8_unicode_ci;

--
-- Create index `BloodResult`.`Blood_ID_FK_PostAppt`.`Blood_ID_idx` on table `blood_test_result`
--
ALTER TABLE blood_test_result
ADD INDEX `BloodResult.Blood_ID_FK_PostAppt.Blood_ID_idx` (Appt_ID);

--
-- Create foreign key
--
ALTER TABLE blood_test_result
ADD CONSTRAINT `BLOODRESULT.Appt_ID_FK_POSTAPPT.Appt_ID` FOREIGN KEY (Appt_ID)
REFERENCES post_appointment (Appointment_ID) ON DELETE NO ACTION ON UPDATE NO ACTION;

--
-- Create foreign key
--
ALTER TABLE post_appointment
ADD CONSTRAINT `POST_APPT.Blood_Test_ID_FK_BLOOD_RESULT.Blood_test_id` FOREIGN KEY (Blood_Test_ID)
REFERENCES blood_test_result (Blood_test_id) ON DELETE SET NULL ON UPDATE CASCADE;

-- 
-- Dumping data for table state
--
INSERT INTO state VALUES
(1, 'AL', 'Alabama'),
(2, 'AK', 'Alaska'),
(3, 'AZ', 'Arizona'),
(4, 'AR', 'Arkansas'),
(5, 'CA', 'California'),
(6, 'CO', 'Colorado'),
(7, 'CT', 'Connecticut'),
(8, 'DE', 'Delaware'),
(9, 'DC', 'District of Columbia'),
(10, 'FL', 'Florida'),
(11, 'GA', 'Georgia'),
(12, 'HI', 'Hawaii'),
(13, 'ID', 'Idaho'),
(14, 'IL', 'Illinois'),
(15, 'IN', 'Indiana'),
(16, 'IA', 'Iowa'),
(17, 'KS', 'Kansas'),
(18, 'KY', 'Kentucky'),
(19, 'LA', 'Louisiana'),
(20, 'ME', 'Maine'),
(21, 'MD', 'Maryland'),
(22, 'MA', 'Massachusetts'),
(23, 'MI', 'Michigan'),
(24, 'MN', 'Minnesota'),
(25, 'MS', 'Mississippi'),
(26, 'MO', 'Missouri'),
(27, 'MT', 'Montana'),
(28, 'NE', 'Nebraska'),
(29, 'NV', 'Nevada'),
(30, 'NH', 'New Hampshire'),
(31, 'NJ', 'New Jersey'),
(32, 'NM', 'New Mexico'),
(33, 'NY', 'New York'),
(34, 'NC', 'North Carolina'),
(35, 'ND', 'North Dakota'),
(36, 'OH', 'Ohio'),
(37, 'OK', 'Oklahoma'),
(38, 'OR', 'Oregon'),
(39, 'PA', 'Pennsylvania'),
(40, 'PR', 'Puerto Rico'),
(41, 'RI', 'Rhode Island'),
(42, 'SC', 'South Carolina'),
(43, 'SD', 'South Dakota'),
(44, 'TN', 'Tennessee'),
(45, 'TX', 'Texas'),
(46, 'UT', 'Utah'),
(47, 'VT', 'Vermont'),
(48, 'VA', 'Virginia'),
(49, 'WA', 'Washington'),
(50, 'WV', 'West Virginia'),
(51, 'WI', 'Wisconsin'),
(52, 'WY', 'Wyoming');

-- 
-- Dumping data for table specialization
--
INSERT INTO specialization VALUES
(1, 'Allergy and Immunology'),
(2, 'Anesthesiology'),
(3, 'Dermatology'),
(4, 'Diagnostic Radiology'),
(5, 'Emergency Medicine'),
(6, 'Family Medicine'),
(21, 'General Medicine'),
(7, 'Internal Medicine'),
(8, 'Medical Genetics'),
(9, 'Neurology'),
(10, 'Nuclear Medicine'),
(11, 'Obstetrics and Gynecology'),
(12, 'Ophthalmology'),
(13, 'Pathology'),
(14, 'Pediatrics'),
(15, 'Physical Medicine and Rehabili'),
(16, 'Preventive Medicine'),
(17, 'Psychiatry'),
(18, 'Radiation Oncology'),
(19, 'Sugery'),
(20, 'Urology');

-- 
-- Dumping data for table office
--
INSERT INTO office VALUES
(00001, 'Alief MC', 10601, 'Westpark Dr', 'Houston', 45, 77042),
(00002, 'East Houston MC', 9421, 'Mesa Dr', 'Houston', 45, 77028),
(00003, 'Lake Houston MC', 7405, 'FM 1960', 'Houston', 45, 77346),
(00004, 'Memorial MC', 303, 'Memorial City Way', 'Houston', 45, 77024),
(00005, 'Willowbrook MC', 9815, 'Grant Rd', 'Houston', 45, 77070),
(00006, 'BayArea MC', 1329, 'GoldenState Dr.', 'Los Angeles', 5, 90004),
(00007, 'Boise MC', 234, 'West Idaho St.', 'Boise', 13, 83707),
(00008, 'Havana MC', 405, 'NW 3rd St.', 'Miami', 10, 33125),
(00009, 'Joshua Jonhson MC', 879, 'University Dr.', 'St.Cloud', 24, 56301),
(00010, 'Willow Cove MC', 975, 'Lemar Way', 'West Valley City', 46, 84120);

-- 
-- Dumping data for table insurance_info
--
-- Table medical_clinic.insurance_info does not contain any data (it is empty)

-- 
-- Dumping data for table general_info
--
INSERT INTO general_info VALUES
(00000001, 'Deshaun', 'Watson', '', '1994-02-16', 4534, 'Ante. Av.', 33, 'Miami', 10, 10673, 'nec.tempus.mauris@pedeSuspendi', '973573527', 'male', 'Others', '2019-04-23 16:17:49', '0000-00-00 00:00:00'),
(00000002, 'Justin ', 'Watt', 'J', '1993-03-17', 2352, 'Quam St.', 45, 'Los Angeles', 5, 24294, 'rhoncus.Nullam@lectusconvallis', '123764634', 'male', 'Hispanic', '2019-04-23 16:17:50', '0000-00-00 00:00:00'),
(00000003, 'Will ', 'Fuller', '', '1992-04-18', 1798, 'Lacinia Avenue', 96, 'West Valley City', 46, 38158, 'egestas@arcuac.com', '854601401', 'male', 'Asian', '2019-04-23 16:17:50', '0000-00-00 00:00:00'),
(00000004, 'Deandre ', 'Hopkins', '', '1991-05-19', 8216, 'Pharetra Av.', 40, 'St.Cloud', 24, 69501, 'lorem.luctus.ut@vulputatenisis', '406947202', 'male', 'White', '2019-04-23 16:17:52', '0000-00-00 00:00:00'),
(00000005, 'Jadeveon ', 'Clowney', 'A', '1990-06-20', 4260, 'Vulputate St.', 63, 'St.Cloud', 24, 11038, 'nunc.Quisque@ipsum.net', '758830222', 'male', 'Asian', '2019-04-23 16:17:53', '0000-00-00 00:00:00'),
(00000006, 'Kareem ', 'Jackson', '', '1995-07-21', 8722, 'Et Ave', 4, 'St.Cloud', 24, 28080, 'luctus.et.ultrices@faucibusleo', '783490468', 'male', 'White', '2019-04-23 16:17:54', '0000-00-00 00:00:00'),
(00000007, 'Lamar', 'Miller', '', '1980-08-22', 8736, 'Enim. Av.', 72, 'Los Angeles', 5, 48841, 'magna.Lorem@quistristique.co.u', '147589949', 'male', 'African American', '2019-04-23 16:17:55', '0000-00-00 00:00:00'),
(00000008, 'KeKe', 'Coute', '', '1981-09-23', 5429, 'Nec, St.', 28, 'Boise', 13, 53063, 'nibh@accumsanconvallisante.org', '634267381', 'male', 'Asian', '2019-04-23 16:17:56', '0000-00-00 00:00:00'),
(00000009, 'Nick ', 'Martin', 'G', '1982-10-24', 6538, 'In St.', 41, 'West Valley City', 46, 64030, 'enim.Curabitur@aliquetmagnaa.n', '626065465', 'male', 'Asian', '2019-04-23 16:17:57', '0000-00-00 00:00:00'),
(00000010, 'Carlos', 'Watkins', '', '1993-11-25', 6966, 'Dui. Avenue', 4, 'Boise', 13, 78561, 'condimentum@Aliquam.net', '692747808', 'male', 'White', '2019-04-23 16:17:57', '0000-00-00 00:00:00'),
(00000011, 'Jonathan', 'Joseph', '', '1983-12-26', 8057, 'Mauris. Rd.', 93, 'Miami', 10, 25293, 'elit.fermentum@luctusetultrice', '491219633', 'male', 'African American', '2019-04-23 16:17:58', '0000-00-00 00:00:00'),
(00000012, 'Andre', 'Hal', 'H', '1984-01-27', 8008, 'Lectus, Avenue', 26, 'Houston', 45, 92353, 'adipiscing@dolorquam.edu', '552177809', 'male', 'Asian', '2019-04-23 16:17:59', '0000-00-00 00:00:00'),
(00000013, 'Jordan', 'Akins', '', '1985-02-28', 9534, 'Vivamus Avenue', 90, 'West Valley City', 46, 50107, 'at.augue.id@a.co.uk', '637028396', 'male', 'Asian', '2019-04-23 16:18:00', '0000-00-00 00:00:00'),
(00000014, 'Johnson', 'Bademosi', 'J', '1986-03-29', 1657, 'Ligula Ave', 54, 'Los Angeles', 5, 52076, 'ornare@purusactellus.com', '193196439', 'male', 'Hispanic', '2019-04-23 16:18:01', '0000-00-00 00:00:00'),
(00000015, 'Davin ', 'Bellamy', 'K', '1987-04-30', 1831, 'Dictum Rd.', 2, 'Boise', 13, 55536, 'varius.et.euismod@Quisqueaclib', '127804784', 'male', 'Asian', '2019-04-23 16:18:02', '0000-00-00 00:00:00'),
(00000016, 'Angelo ', 'Blackson', 'A', '1988-05-30', 6505, 'Maecenas Avenue', 45, 'Los Angeles', 5, 91500, 'purus@nibhQuisquenonummy.co.uk', '672681897', 'male', 'Native American', '2019-04-23 16:18:03', '0000-00-00 00:00:00'),
(00000017, 'Briean', 'Boddy-Calhoun', '', '1989-06-01', 8334, 'Hendrerit. Avenue', 82, 'West Valley City', 46, 64694, 'vulputate.ullamcorper@luctus.e', '725394320', 'male', 'Others', '2019-04-23 16:18:04', '0000-00-00 00:00:00'),
(00000018, 'Deandre ', 'Carter', 'Y', '1990-07-02', 3595, 'Curae; Av.', 54, 'Houston', 45, 64285, 'neque.venenatis.lacus@interdum', '771664295', 'male', 'Native American', '2019-04-23 16:18:05', '0000-00-00 00:00:00'),
(00000019, 'Shannon', 'Sharpe', 'U', '1991-08-03', 2354, 'Tellus Av.', 12, 'St.Cloud', 24, 83183, 'nec.quam.Curabitur@nisiCumsoci', '439609786', 'male', 'White', '2019-04-23 16:18:06', '0000-00-00 00:00:00'),
(00000020, 'Skip ', 'Bayless', '', '1992-09-04', 1882, 'Feugiat St.', 30, 'Houston', 45, 45038, 'hendrerit.a.arcu@aliquam.co.uk', '130693489', 'male', 'Native American', '2019-04-23 16:18:07', '0000-00-00 00:00:00'),
(00000021, 'Dylan ', 'Cole', 'P', '1993-10-05', 5009, 'Nunc Rd.', 19, 'West Valley City', 46, 88077, 'Quisque@tinciduntnequevitae.co', '926191623', 'male', 'White', '2019-04-23 16:18:08', '0000-00-00 00:00:00'),
(00000022, 'Aaron', 'Colvin', '', '1994-11-06', 3106, 'Felis Rd.', 81, 'St.Cloud', 24, 75184, 'molestie.dapibus@nuncac.co.uk', '875368563', 'male', 'Asian', '2019-04-23 16:18:09', '0000-00-00 00:00:00'),
(00000023, 'Zach ', 'Cunningham', 'Q', '1995-12-07', 8518, 'Magna St.', 4, 'Los Angeles', 5, 16054, 'lobortis.risus.In@nonjustoProi', '249708284', 'male', 'White', '2019-04-23 16:18:10', '0000-00-00 00:00:00'),
(00000024, 'Trevor ', 'Daniel', 'D', '1996-01-08', 6669, 'Ante. Rd.', 11, 'Boise', 13, 67702, 'tincidunt@acmattissemper.com', '111130593', 'male', 'White', '2019-04-23 16:18:11', '0000-00-00 00:00:00'),
(00000025, 'Brandon ', 'Dunn', '', '1970-02-09', 4299, 'Diam. Street', 19, 'Houston', 45, 78543, 'Nunc@molestie.ca', '683839226', 'male', 'Hispanic', '2019-04-23 16:18:11', '0000-00-00 00:00:00'),
(00000026, 'Duke', 'Ejiofor', 'T', '1971-03-10', 8676, ' Accumsan Ave', 75, 'St.Cloud', 24, 12766, 'tincidunt.congue@tellusimperdi', '758580624', 'male', 'African American', '2019-04-23 16:18:12', '0000-00-00 00:00:00'),
(00000027, 'Kaimi', 'Fairbairn', 'J', '1972-04-11', 9665, 'Proin Rd.', 1, 'Los Angeles', 5, 69569, 'sem.Nulla.interdum@Donec.edu', '689333985', 'male', 'African American', '2019-04-23 16:18:13', '0000-00-00 00:00:00'),
(00000028, 'Darren', 'Fells', 'D', '1973-05-12', 7685, 'Et, Ave', 55, 'Houston', 45, 32009, 'ipsum.porta.elit@Nullam.org', '777573369', 'male', '', '2019-04-23 16:18:14', '0000-00-00 00:00:00'),
(00000029, 'Donta', 'Foreman', 'V', '1974-06-13', 3314, 'Suspendisse St.', 20, 'West Valley City', 46, 56819, 'dignissim.Maecenas.ornare@sagi', '119854739', 'male', 'Native American', '2019-04-23 16:18:15', '0000-00-00 00:00:00'),
(00000030, 'Zach ', 'Fulton', 'N', '1975-07-14', 9207, 'Sodales. St.', 8, 'St.Cloud', 24, 12214, 'amet@Proinvelnisl.co.uk', '984234022', 'male', '', '2019-04-23 16:18:16', '0000-00-00 00:00:00'),
(00000031, 'Tashaun', 'Gipson', '', '1976-08-15', 5802, 'Sit Ave', 57, 'St.Cloud', 24, 81561, 'velit.in@Phasellusat.ca', '313126094', 'male', 'Others', '2019-04-23 16:18:17', '0000-00-00 00:00:00'),
(00000032, 'Ryan ', 'Griffin', 'K', '1977-09-16', 6055, 'Diam St.', 90, 'Los Angeles', 5, 98459, 'malesuada.fames.ac@Aliquamerat', '132482436', 'male', 'White', '2019-04-23 16:18:18', '0000-00-00 00:00:00'),
(00000033, 'Joel', 'Heath', '', '1978-10-17', 6695, 'Vitae St.', 1, 'St.Cloud', 24, 12776, 'ut.cursus.luctus@luctus.org', '799296931', 'male', '', '2019-04-23 16:18:19', '0000-00-00 00:00:00'),
(00000034, 'Seantrel', 'Henderson', '', '1979-11-18', 654, 'Nunc St.', 33, 'Los Angeles', 5, 24313, 'aliquet@Integereulacus.org', '166544402', 'male', 'Others', '2019-04-23 16:18:20', '0000-00-00 00:00:00'),
(00000035, 'Buddy', 'Howell', '', '1980-12-19', 4715, 'Augue Avenue', 2, 'Houston', 45, 23052, 'risus.Donec.egestas@dictum.edu', '731003002', 'male', 'Others', '2019-04-23 16:18:21', '0000-00-00 00:00:00'),
(00000036, 'Matt', 'Kalil', 'L', '1981-01-20', 5213, 'Enim. Rd.', 55, 'Miami', 10, 88552, 'arcu.Curabitur.ut@Morbivehicul', '735683305', 'male', 'Asian', '2019-04-23 16:18:22', '0000-00-00 00:00:00'),
(00000037, 'Senio', 'Kelemete', '', '1982-02-21', 2507, 'Dolor Ave', 37, 'West Valley City', 46, 48980, 'ligula.tortor.dictum@egestashe', '264671458', 'male', 'African American', '2019-04-23 16:18:23', '0000-00-00 00:00:00'),
(00000038, 'Greg', 'Mancz', '', '1983-03-22', 2671, 'Aliquam Road', 83, 'West Valley City', 46, 24771, 'auctor@quislectusNullam.ca', '782221253', 'male', 'Asian', '2019-04-23 16:18:24', '0000-00-00 00:00:00'),
(00000039, 'Benardrick', 'McKnney', 'W', '1984-04-23', 2803, 'Nec Street', 78, 'Los Angeles', 5, 20173, 'dolor@scelerisque.org', '132489626', 'male', 'Native American', '2019-04-23 16:18:24', '0000-00-00 00:00:00'),
(00000040, 'Whitney', 'Mercilus', 'R', '1985-05-24', 2588, 'Sapien Rd.', 46, 'St.Cloud', 24, 60922, 'et.netus.et@sit.net', '259611115', 'male', 'White', '2019-04-23 16:18:25', '0000-00-00 00:00:00'),
(00000041, 'Martinas', 'Rankin', '', '1986-06-25', 6674, 'Magna. Road', 44, 'Los Angeles', 5, 69755, 'Etiam@nonegestas.net', '573519494', 'male', 'Asian', '2019-04-23 16:18:26', '0000-00-00 00:00:00'),
(00000042, 'DJ', 'Reader', '', '1987-07-26', 4995, 'Aliquam Rd.', 95, 'St.Cloud', 24, 14716, 'nec.quam@Sed.net', '115352039', 'male', 'Hispanic', '2019-04-23 16:18:27', '0000-00-00 00:00:00'),
(00000043, 'Justin ', 'Reid', '', '1988-08-27', 770, 'Aliquet St.', 3, 'Boise', 13, 71491, 'sit.amet.luctus@auguemalesuada', '169741314', 'male', 'Native American', '2019-04-23 16:18:28', '0000-00-00 00:00:00'),
(00000044, 'Bradley ', 'Roby', '', '1989-09-28', 286, 'Ullamcorper, Street', 15, 'St.Cloud', 24, 24842, 'ipsum.dolor@urnaVivamus.com', '893442751', 'male', 'African American', '2019-04-23 16:18:29', '0000-00-00 00:00:00'),
(00000045, 'Brennan ', 'Scarlett', 'J', '1990-10-29', 2046, 'Mi. Ave', 90, 'Houston', 45, 61714, 'ante.blandit.viverra@ametlorem', '463157798', 'male', 'Others', '2019-04-23 16:18:30', '0000-00-00 00:00:00'),
(00000046, 'Vyncint', 'Smith', 'J', '1991-11-30', 3375, 'Mauris Rd.', 61, 'Boise', 13, 94294, 'cubilia@Nam.com', '657536879', 'male', 'White', '2019-04-23 16:18:31', '0000-00-00 00:00:00'),
(00000047, 'Jordan', 'Thomas', 'S', '1992-12-01', 2440, 'Sodales Street', 14, 'Houston', 45, 94821, 'fames.ac@iaculisodioNam.org', '382157677', 'male', 'Hispanic', '2019-04-23 16:18:32', '0000-00-00 00:00:00'),
(00000048, 'Mike', 'Tyson', '', '1993-01-02', 7161, 'Iaculis, St.', 85, 'West Valley City', 46, 68538, 'tristique.ac@vulputatedui.com', '981559905', 'male', 'Hispanic', '2019-04-23 16:18:33', '0000-00-00 00:00:00'),
(00000049, 'Jester', 'Weah', 'H', '1994-02-03', 4091, 'Donec Avenue', 97, 'Houston', 45, 92504, 'est@dolor.com', '485462116', 'male', '', '2019-04-23 16:18:34', '0000-00-00 00:00:00'),
(00000050, 'Joel', 'Webb', 'F', '1995-03-04', 4911, 'Ut Av.', 55, 'West Valley City', 46, 15349, 'mus.Aenean.eget@orci.ca', '660256416', 'male', 'White', '2019-04-23 16:18:35', '0000-00-00 00:00:00'),
(00000051, 'Clint', 'Capela', '', '1996-04-05', 3998, 'Nunc Road', 0, 'Boise', 13, 39654, 'mi.Duis.risus@loremegetmollis.', '767516568', 'male', 'Hispanic', '2019-04-23 16:18:37', '0000-00-00 00:00:00'),
(00000052, 'Chris', 'Chiozza', '', '1960-05-06', 9448, 'Euismod Road', 0, 'St.Cloud', 24, 58612, 'turpis@semmollisdui.ca', '841584366', 'male', 'Hispanic', '2019-04-23 16:18:38', '0000-00-00 00:00:00'),
(00000053, 'Gary ', 'Clark', 'J', '1961-06-07', 3246, 'Quis Rd.', 0, 'Houston', 45, 20679, 'gravida@semPellentesque.net', '726404576', 'male', 'Hispanic', '2019-04-23 16:18:39', '0000-00-00 00:00:00'),
(00000054, 'Trevon', 'Duval', '', '1962-07-08', 1021, 'Natoque Av.', 0, 'St.Cloud', 24, 17056, 'tincidunt.adipiscing.Mauris@no', '849414715', 'male', 'Hispanic', '2019-04-23 16:18:40', '0000-00-00 00:00:00'),
(00000055, 'Vincent ', 'Edwards', '', '1963-08-09', 3626, 'Pharetra Road', 0, 'Boise', 13, 53314, 'pede.Cras.vulputate@morbitrist', '638260504', 'male', 'Others', '2019-04-23 16:18:41', '0000-00-00 00:00:00'),
(00000056, 'Kenneth', 'Faried', 'R', '1964-09-10', 7788, 'At Road', 0, 'Houston', 45, 13909, 'pharetra@liberomaurisaliquam.e', '663164838', 'male', 'Asian', '2019-04-23 16:18:42', '0000-00-00 00:00:00'),
(00000057, 'Michael', 'Frazier', 'Y', '1965-10-11', 8343, 'Tristique Ave', 0, 'Houston', 11, 79274, 'Aliquam@egetipsumSuspendisse.c', '939703605', 'male', '', '2019-04-23 16:18:43', '0000-00-00 00:00:00'),
(00000058, 'Eric', 'Gordon', '', '1966-11-12', 8069, 'Sed Rd.', 0, 'West Valley City', 46, 89278, 'justo.eu@porta.com', '168653405', 'male', 'Asian', '2019-04-23 16:18:43', '0000-00-00 00:00:00'),
(00000059, 'Gerald', 'Green', '', '1967-12-13', 9636, 'Dolor Avenue', 0, 'Houston', 45, 32205, 'pharetra.ut.pharetra@sitametco', '266399623', 'male', 'White', '2019-04-23 16:18:44', '0000-00-00 00:00:00'),
(00000060, 'James', 'Harden', 'D', '1968-01-14', 3598, 'Mattis St.', 0, 'Los Angeles', 5, 54918, 'mus@ametconsectetuer.com', '212252568', 'male', 'Hispanic', '2019-04-23 16:18:45', '0000-00-00 00:00:00'),
(00000061, 'Lebron', 'James', '', '1969-02-15', 1530, 'Cras Avenue', 0, 'Los Angeles', 5, 51922, 'odio.Etiam.ligula@dis.org', '355098272', 'male', 'Others', '2019-04-23 16:18:46', '0000-00-00 00:00:00'),
(00000062, 'Isaiah', 'Hartenstein', 'Q', '1970-03-16', 2130, 'Pellentesque St.', 0, 'Boise', 13, 19279, 'consectetuer.adipiscing.elit@e', '116657940', 'male', 'Others', '2019-04-23 16:18:48', '0000-00-00 00:00:00'),
(00000063, 'Danuel', 'House', '', '1971-04-17', 6221, 'Neque Rd.', 0, 'Boise', 13, 13733, 'neque.vitae@Inatpede.net', '334929901', 'male', 'Native American', '2019-04-23 16:18:49', '0000-00-00 00:00:00'),
(00000064, 'Chris', 'Paul', 'S', '1972-05-18', 480, 'Dignissim Road', 0, 'Boise', 13, 14069, 'ornare.In@turpisegestas.org', '272111919', 'male', '', '2019-04-23 16:18:51', '0000-00-00 00:00:00'),
(00000065, 'Austin', 'Rivers', 'K', '1973-06-19', 6845, 'Nisi. Rd.', 0, 'Miami', 10, 60799, 'Nullam@lectusrutrumurna.org', '632180448', 'male', 'African American', '2019-04-23 16:18:52', '0000-00-00 00:00:00'),
(00000066, 'Iman ', 'Shumpert', '', '1974-07-20', 8408, 'Non Avenue', 0, 'Boise', 10, 51135, 'orci@viverraMaecenasiaculis.co', '744659107', 'male', 'Hispanic', '2019-04-23 16:18:53', '0000-00-00 00:00:00'),
(00000067, 'PJ', 'Tucker', '', '1975-08-21', 9275, 'Luctus Avenue', 0, 'West Valley City', 46, 18504, 'vitae.diam@gravida.edu', '705766502', 'male', 'Asian', '2019-04-23 16:18:54', '0000-00-00 00:00:00'),
(00000068, 'DaMarcus', 'Beasley', '', '1976-09-22', 537, 'Eu Rd.', 0, 'West Valley City', 46, 15782, 'enim.commodo.hendrerit@ultrice', '144258350', 'male', '', '2019-04-23 16:18:55', '0000-00-00 00:00:00'),
(00000069, 'Lindsay', 'Agnew', '', '1977-10-23', 9490, 'At Ave', 0, 'St.Cloud', 24, 76503, 'ac.fermentum@vel.co.uk', '475201666', 'female', 'African American', '2019-04-23 16:18:56', '0000-00-00 00:00:00'),
(00000070, 'Eric', 'Bird', 'F', '1978-11-24', 3427, 'Odio Rd.', 0, 'Houston', 45, 91766, 'blandit.mattis.Cras@Aeneaneuis', '316060466', 'male', 'African American', '2019-04-23 16:18:57', '0000-00-00 00:00:00'),
(00000071, 'Amber', 'Brooks', '', '1979-12-25', 2264, 'Vel, St.', 0, 'West Valley City', 46, 38224, 'penatibus@erategettincidunt.ne', '653278380', 'female', 'Native American', '2019-04-23 16:18:58', '0000-00-00 00:00:00'),
(00000072, 'Juan ', 'David', '', '1980-01-26', 6541, 'Magna. Road', 0, 'West Valley City', 46, 24543, 'magna@quamafelis.edu', '117845285', 'male', 'Hispanic', '2019-04-23 16:18:59', '0000-00-00 00:00:00'),
(00000073, 'Jane', 'Campbell', '', '1981-02-27', 9307, 'Nunc Ave', 0, 'West Valley City', 46, 44273, 'quam.quis@Donec.org', '437597645', 'female', 'African American', '2019-04-23 16:19:00', '0000-00-00 00:00:00'),
(00000074, 'Darwin ', 'Ceren', 'X', '1982-03-28', 6621, 'Arcu. St.', 0, 'Los Angeles', 5, 85739, 'turpis.Aliquam@tellus.net', '643992340', 'male', 'White', '2019-04-23 16:19:01', '0000-00-00 00:00:00'),
(00000075, 'Allysha', 'Chapman', '', '1983-04-29', 7624, 'Mollis Road', 0, 'West Valley City', 46, 19356, 'Donec.elementum.lorem@Crasinte', '818153708', 'female', 'Others', '2019-04-23 16:19:02', '0000-00-00 00:00:00'),
(00000076, 'AJ', 'DelaGarza', '', '1984-05-30', 9805, 'Sem Street', 0, 'Miami', 10, 59052, 'a.mi@vestibulumnequesed.org', '198614501', 'male', 'Others', '2019-04-23 16:19:03', '0000-00-00 00:00:00'),
(00000077, 'Taylor', 'Comeau', 'J', '1985-06-01', 4213, 'Justo Rd.', 0, 'Miami', 10, 81826, 'dignissim@elit.net', '798103138', 'female', 'Native American', '2019-04-23 16:19:04', '0000-00-00 00:00:00'),
(00000078, 'Tyler', 'Deric', '', '1986-07-02', 7991, 'Lacus. Av.', 0, 'West Valley City', 46, 93413, 'nunc.nulla.vulputate@etpedeNun', '181274398', 'male', '', '2019-04-23 16:19:05', '0000-00-00 00:00:00'),
(00000079, 'Rachel', 'Daly', 'L', '1987-08-03', 1069, 'Augue Rd.', 0, 'Los Angeles', 5, 98965, 'eget@adipiscinglacusUt.co.uk', '240286655', 'female', 'White', '2019-04-23 16:19:06', '0000-00-00 00:00:00'),
(00000080, 'Chris', 'Duvall', '', '1988-09-04', 5279, 'Nisl Avenue', 0, 'Miami', 10, 55514, 'nonummy@acfermentumvel.ca', '370831484', 'male', 'Asian', '2019-04-23 16:19:07', '0000-00-00 00:00:00'),
(00000081, 'Jamia', 'Fields', '', '1989-10-05', 8714, 'Nunc St.', 475, 'Boise', 13, 86255, 'at.nisi@Loremipsumdolor.edu', '110277214', 'female', 'Asian', '2019-04-23 16:19:07', '0000-00-00 00:00:00'),
(00000082, 'Alberth', 'Elis', '', '1990-11-06', 9954, 'Nullam Av.', 893, 'Boise', 13, 82504, 'dictum.cursus.Nunc@sem.co.uk', '778051410', 'male', 'African American', '2019-04-23 16:19:08', '0000-00-00 00:00:00'),
(00000083, 'Haley', 'Hanson', 'R', '1991-12-07', 7563, 'Sed Street', 944, 'Houston', 45, 76441, 'nibh.Quisque.nonummy@cursusInt', '782773815', 'female', 'Asian', '2019-04-23 16:19:09', '0000-00-00 00:00:00'),
(00000084, 'Maynor', 'Figueroa', '', '1992-01-08', 5956, 'Mollis. Street', 955, 'Miami', 10, 17645, 'eget@erat.net', '618486925', 'male', 'White', '2019-04-23 16:19:10', '0000-00-00 00:00:00'),
(00000085, 'Bianca', 'Henninger', 'I', '1993-02-09', 9875, 'Ut St.', 624, 'Boise', 13, 72035, 'elit@ipsumnuncid.co.uk', '423815824', 'female', 'African American', '2019-04-23 16:19:11', '0000-00-00 00:00:00'),
(00000086, 'Alejandro', 'Fuenmayor', '', '1994-03-10', 2184, 'Sagittis. Rd.', 167, 'Miami', 10, 96978, 'nisl.elementum@sedtortorIntege', '153376200', 'male', 'Others', '2019-04-23 16:19:12', '0000-00-00 00:00:00'),
(00000087, 'Sofia', 'Huerta', '', '1995-04-11', 2551, 'Auctor, Road', 70, 'Los Angeles', 5, 81892, 'felis@aliquet.co.uk', '689051295', 'female', 'Others', '2019-04-23 16:19:13', '0000-00-00 00:00:00'),
(00000088, 'Kevin', 'Garcia', 'D', '1996-05-12', 8919, 'Luctus Street', 758, 'St.Cloud', 24, 16047, 'elit@orciquislectus.org', '170354367', 'male', 'African American', '2019-04-23 16:19:14', '0000-00-00 00:00:00'),
(00000089, 'Jazmin', 'Jackmon', '', '1950-06-13', 2008, 'Convallis St.', 495, 'West Valley City', 46, 73086, 'pellentesque.massa@enimSed.ca', '881385966', 'female', '', '2019-04-23 16:19:15', '0000-00-00 00:00:00'),
(00000090, 'Boniek', 'Garcia', '', '1951-07-14', 4289, 'Nonummy Av.', 264, 'West Valley City', 46, 32986, 'consequat@dolorQuisque.com', '695926971', 'male', 'Asian', '2019-04-23 16:19:16', '0000-00-00 00:00:00'),
(00000091, 'Devon', 'Kerr', 'E', '1952-08-15', 3861, 'Egestas, Rd.', 265, 'Los Angeles', 5, 41924, 'massa.rutrum@pharetrafelis.co.', '697441802', 'female', 'Asian', '2019-04-23 16:19:17', '0000-00-00 00:00:00'),
(00000092, 'Marlon', 'Hairston', '', '1953-09-16', 4462, 'At Ave', 170, 'St.Cloud', 24, 50825, 'nec.enim.Nunc@gravidanon.ca', '896369961', 'male', 'Asian', '2019-04-23 16:19:18', '0000-00-00 00:00:00'),
(00000093, 'CeCe', 'Kizer', '', '1954-10-17', 165, 'Fusce Rd.', 442, 'West Valley City', 46, 14107, 'Lorem.ipsum@at.net', '123455387', 'female', '', '2019-04-23 16:19:19', '0000-00-00 00:00:00'),
(00000094, 'Sam ', 'Junqua', 'H', '1955-11-18', 4326, 'Elementum, Avenue', 787, 'Boise', 13, 11350, 'mi@imperdietullamcorper.com', '126168304', 'male', 'Hispanic', '2019-04-23 16:19:20', '0000-00-00 00:00:00'),
(00000095, 'Veronica', 'Latsko', '', '1956-12-19', 1959, 'Elit Road', 450, 'Miami', 10, 69681, 'est.Nunc.laoreet@elementum.co.', '407205751', 'female', 'Others', '2019-04-23 16:19:21', '0000-00-00 00:00:00'),
(00000096, 'Adam', 'Lundkvist', 'C', '1957-01-20', 4470, 'A, Rd.', 608, 'West Valley City', 46, 14720, 'Suspendisse@PraesentluctusCura', '899633920', 'male', 'Asian', '2019-04-23 16:19:22', '0000-00-00 00:00:00'),
(00000097, 'Kayla', 'McCoy', '', '1958-02-21', 8258, 'Dictum. Av.', 169, 'Boise', 13, 16804, 'Duis.gravida@litoratorquent.or', '168245910', 'female', 'Asian', '2019-04-23 16:19:23', '0000-00-00 00:00:00'),
(00000098, 'Mauro', 'Manotas', '', '1959-03-22', 7850, 'Ullamcorper Ave', 312, 'St.Cloud', 24, 10762, 'est.mollis@ultrices.org', '167529178', 'male', 'Others', '2019-04-23 16:19:24', '0000-00-00 00:00:00'),
(00000099, 'Kristie', 'Mewis', 'H', '1960-04-23', 3609, 'Porttitor Av.', 893, 'St.Cloud', 24, 88918, 'Aliquam.ornare@dui.co.uk', '612046348', 'female', 'White', '2019-04-23 16:19:25', '0000-00-00 00:00:00'),
(00000100, 'Tomas', 'Martinez', '', '1961-05-24', 4586, 'Non Ave', 929, 'Los Angeles', 5, 98194, 'mi.fringilla.mi@Aliquamerat.ed', '140312734', 'male', 'Native American', '2019-04-23 16:19:26', '0000-00-00 00:00:00'),
(00000101, 'Satara', 'Murray', 'H', '1962-06-25', 931, 'Sem Street', 68, 'Houston', 45, 56637, 'doc1@gmail.com', '533622644', 'female', 'African American', '2019-04-23 16:19:28', '0000-00-00 00:00:00'),
(00000102, 'Erik', 'McCue', '', '1963-07-26', 527, 'Justo Rd.', 500, 'Los Angeles', 5, 45395, 'doc2@gmail.com', '332838560', 'male', 'White', '2019-04-23 16:19:29', '0000-00-00 00:00:00'),
(00000103, 'Christine', 'Nairn', 'K', '1964-08-27', 841, 'Lacus. Av.', 690, 'West Valley City', 46, 61985, 'doc3@gmail.com', '925213335', 'female', 'Others', '2019-04-23 16:19:30', '0000-00-00 00:00:00'),
(00000104, 'Tommy', 'McNamara', '', '1965-09-28', 5245, 'Augue Rd.', 408, 'Miami', 10, 49248, 'doc4@gmail.com', '934676552', 'male', 'Others', '2019-04-23 16:19:31', '0000-00-00 00:00:00'),
(00000105, 'Kealia', 'Ohai', 'L', '1966-10-29', 4602, 'Nisl Avenue', 907, 'Miami', 10, 17197, 'doc5@gmail.com', '869315147', 'female', 'Native American', '2019-04-23 16:19:32', '0000-00-00 00:00:00'),
(00000106, 'Michael', 'Nelson', '', '1967-11-30', 8954, 'Nunc St.', 0, 'West Valley City', 46, 84285, 'doc6@gmail.com', '920369232', 'male', '', '2019-04-23 16:19:33', '0000-00-00 00:00:00'),
(00000107, 'Clare', 'Polkinghorne', '', '1968-12-01', 4174, 'Nullam Av.', 0, 'Los Angeles', 5, 74125, 'doc7@gmail.com', '222114570', 'female', 'White', '2019-04-23 16:19:34', '0000-00-00 00:00:00'),
(00000108, 'Ronaldo', 'Pena', '', '1969-01-02', 2170, 'Sed Street', 0, 'Los Angeles', 5, 52917, 'doc8@gmail.com', '530534526', 'male', 'Asian', '2019-04-23 16:19:35', '0000-00-00 00:00:00'),
(00000109, 'Nichelle', 'Prince', '', '1970-02-03', 9620, 'Mollis. Street', 0, 'Boise', 13, 99716, 'doc9@gmail.com', '496004237', 'female', 'Asian', '2019-04-23 16:19:36', '0000-00-00 00:00:00'),
(00000110, 'Romell', 'Quioto', 'S', '1971-03-04', 9052, 'Ut St.', 0, 'Boise', 13, 11559, 'doc10@gmail.com', '241857705', 'male', 'African American', '2019-04-23 16:19:37', '0000-00-00 00:00:00'),
(00000111, 'Allysha', 'Priscok', 'F', '1972-04-05', 1477, 'Sagittis. Rd.', 0, 'Houston', 45, 70733, 'doc11@gmail.com', '130426416', 'female', 'Asian', '2019-04-23 16:19:38', '0000-00-00 00:00:00'),
(00000112, 'Memo', 'Rodriguez', '', '1973-05-06', 1131, 'Auctor, Road', 0, 'Houston', 45, 61996, 'doc12@gmail.com', '984931961', 'male', 'White', '2019-04-23 16:19:39', '0000-00-00 00:00:00'),
(00000113, 'Ari', 'Romero', '', '1974-06-07', 4242, 'Luctus Street', 0, 'Houston', 45, 22046, 'doc13@gmail.com', '115958119', 'female', 'African American', '2019-04-23 16:19:40', '0000-00-00 00:00:00'),
(00000114, 'KiKi', 'Struna', 'G', '1975-07-08', 6749, 'Convallis St.', 0, 'Houston', 45, 39355, 'doc14@gmail.com', '318846430', 'male', 'Others', '2019-04-23 16:19:40', '0000-00-00 00:00:00'),
(00000115, 'Sophie', 'Schmidt', '', '1976-08-09', 320, 'Nonummy Av.', 0, 'Houston', 45, 56708, 'doc15@gmail.com', '509410375', 'female', 'Others', '2019-04-23 16:19:41', '0000-00-00 00:00:00'),
(00000116, 'Matias ', 'Vera', '', '1977-09-10', 910, 'Egestas, Rd.', 0, 'Houston', 45, 21802, 'doc16@gmail.com', '689955906', 'male', 'African American', '2019-04-23 16:19:42', '0000-00-00 00:00:00'),
(00000117, 'Meleana ', 'Shim', '', '1978-10-11', 4695, 'At Ave', 0, 'West Valley City', 46, 10593, 'doc17@gmail.com', '116060250', 'female', '', '2019-04-23 16:19:43', '0000-00-00 00:00:00'),
(00000118, 'Joe', 'Willis', 'Q', '1979-11-12', 1525, 'Fusce Rd.', 0, 'West Valley City', 46, 62615, 'doc18@gmail.com', '119155873', 'male', 'Asian', '2019-04-23 16:19:44', '0000-00-00 00:00:00'),
(00000119, 'Kyah ', 'Simon', '', '1980-12-13', 9841, 'Elementum, Avenue', 0, 'Los Angeles', 5, 96109, 'doc19@gmail.com', '145046033', 'female', 'Asian', '2019-04-23 16:19:45', '0000-00-00 00:00:00'),
(00000120, 'Jaime', 'Lannister', '', '1981-01-14', 1215, 'Elit Road', 0, 'St.Cloud', 24, 34482, 'doc20@gmail.com', '449997296', 'male', 'Asian', '2019-04-23 16:19:46', '0000-00-00 00:00:00'),
(00000121, 'Deanarys', 'Targarian', 'T', '1982-02-15', 8715, 'A, Rd.', 0, 'West Valley City', 46, 46258, 'doc21@gmail.com', '132139688', 'female', '', '2019-04-23 16:19:47', '0000-00-00 00:00:00'),
(00000122, 'Elton', 'John', '', '1983-03-16', 8661, 'Dictum. Av.', 0, 'Boise', 13, 78168, 'doc22@gmail.com', '283662196', 'male', 'Hispanic', '2019-04-23 16:19:48', '0000-00-00 00:00:00'),
(00000123, 'Lady', 'Gaga', '', '1984-04-17', 3304, 'Ullamcorper Ave', 0, 'Miami', 10, 18633, 'doc23@gmail.com', '859894046', 'female', 'Others', '2019-04-23 16:19:50', '0000-00-00 00:00:00'),
(00000124, 'Rick', 'Grimes', '', '1985-05-18', 1222, 'Porttitor Av.', 0, 'West Valley City', 46, 15260, 'doc24@gmail.com', '896365177', 'male', 'Asian', '2019-04-23 16:19:51', '0000-00-00 00:00:00'),
(00000125, 'Beth', 'Green', '', '1986-06-19', 905, 'Non Ave', 0, 'Boise', 13, 24059, 'doc25@gmail.com', '701397199', 'female', 'Asian', '2019-04-23 16:19:52', '0000-00-00 00:00:00'),
(00000126, 'Brandon ', 'Flowers', '', '1987-07-20', 7436, 'Sem Street', 0, 'St.Cloud', 24, 92268, 'doc26@gmail.com', '633354495', 'male', 'Others', '2019-04-23 16:19:53', '0000-00-00 00:00:00'),
(00000127, 'Ariana', 'Grande', '', '1988-08-21', 8848, 'Justo Rd.', 0, 'St.Cloud', 24, 18745, 'doc27@gmail.com', '904290487', 'female', 'White', '2019-04-23 16:19:54', '0000-00-00 00:00:00'),
(00000128, 'John', 'Snow', 'O', '1989-09-23', 4505, 'Lacus. Av.', 0, 'Los Angeles', 5, 18994, 'doc28@gmail.com', '986010994', 'male', 'Native American', '2019-04-23 16:19:55', '0000-00-00 00:00:00'),
(00000129, 'Cercei', 'Lannister', '', '1990-10-24', 1553, 'Augue Rd.', 0, 'West Valley City', 46, 23674, 'doc29@gmail.com', '587577181', 'female', 'African American', '2019-04-23 16:19:56', '0000-00-00 00:00:00'),
(00000130, 'Bran', 'Stark', 'P', '1991-11-25', 5803, 'Nisl Avenue', 0, 'Los Angeles', 48, 17473, 'doc30@gmail.com', '329091091', 'male', 'White', '2019-04-23 16:19:56', '0000-00-00 00:00:00'),
(00000131, 'Margot', 'Robbie', '', '1992-12-26', 147, 'Nunc St.', 0, 'West Valley City', 46, 97571, 'doc31@gmail.com', '177557863', 'female', 'Others', '2019-04-23 16:19:57', '0000-00-00 00:00:00'),
(00000132, 'Jamie', 'Fox', '', '1993-01-27', 1014, 'Nullam Av.', 0, 'Boise', 13, 21459, 'doc32@gmail.com', '123555063', 'male', 'Others', '2019-04-23 16:19:58', '0000-00-00 00:00:00'),
(00000133, 'Cameron', 'Diaz', '', '1994-02-28', 4912, 'Sed Street', 0, 'Miami', 10, 98725, 'doc33@gmail.com', '592589846', 'female', 'Native American', '2019-04-23 16:19:59', '0000-00-00 00:00:00'),
(00000134, 'Bradley ', 'Cooper', '', '1995-03-29', 6975, 'Mollis. Street', 0, 'West Valley City', 46, 74580, 'doc34@gmail.com', '348650652', 'male', '', '2019-04-23 16:20:00', '0000-00-00 00:00:00'),
(00000135, 'Jenniffer', 'Lawrence', 'C', '1996-04-30', 3533, 'Ut St.', 0, 'St.Cloud', 24, 50761, 'doc35@gmail.com', '180894855', 'female', 'White', '2019-04-23 16:20:01', '0000-00-00 00:00:00'),
(00000136, 'Chris', 'Evans', '', '1950-05-01', 2545, 'Sagittis. Rd.', 0, 'Miami', 10, 85741, 'doc36@gmail.com', '332553460', 'male', 'Asian', '2019-04-23 16:20:02', '0000-00-00 00:00:00'),
(00000137, 'Scarllet', 'Johanson', '', '1951-06-02', 3483, 'Auctor, Road', 0, 'Miami', 10, 83944, 'doc37@gmail.com', '135104924', 'female', 'Asian', '2019-04-23 16:20:03', '0000-00-00 00:00:00'),
(00000138, 'Johnny', 'Depp', '', '1952-07-03', 7187, 'Luctus Street', 0, 'Boise', 13, 42139, 'doc38@gmail.com', '533933862', 'male', 'African American', '2019-04-23 16:20:04', '0000-00-00 00:00:00'),
(00000139, 'Sylvia', 'Vazquez', '', '1953-08-04', 7657, 'Convallis St.', 0, 'St.Cloud', 24, 17047, 'doc39@gmail.com', '779995542', 'female', 'Asian', '2019-04-23 16:20:05', '0000-00-00 00:00:00'),
(00000140, 'Howard', 'Stark', 'N', '1954-09-05', 4390, 'Nonummy Av.', 0, 'Miami', 10, 21949, 'doc40@gmail.com', '263228960', 'male', 'White', '2019-04-23 16:20:06', '0000-00-00 00:00:00'),
(00000141, 'Ellie', 'Goulding', '', '1955-10-06', 2404, 'Egestas, Rd.', 0, 'Boise', 13, 26540, 'doc41@gmail.com', '221786635', 'female', 'African American', '2019-04-23 16:20:07', '0000-00-00 00:00:00'),
(00000142, 'Tom', 'Hanks', 'M', '1956-11-07', 1927, 'At Ave', 0, 'Miami', 10, 17805, 'doc42@gmail.com', '271340024', 'male', 'Others', '2019-04-23 16:20:08', '0000-00-00 00:00:00'),
(00000143, 'Emma', 'Watson', '', '1957-12-08', 2283, 'Fusce Rd.', 0, 'Los Angeles', 5, 19943, 'doc43@gmail.com', '913181366', 'female', 'Others', '2019-04-23 16:20:09', '0000-00-00 00:00:00'),
(00000144, 'Leonardo', 'DiCaprio', 'D', '1958-01-09', 9980, 'Elementum, Avenue', 0, 'Los Angeles', 5, 31611, 'doc44@gmail.com', '137392787', 'male', 'African American', '2019-04-23 16:20:10', '0000-00-00 00:00:00'),
(00000145, 'Natalie', 'Portman', '', '1959-02-10', 4348, 'Elit Road', 0, 'West Valley City', 46, 30044, 'doc45@gmail.com', '340657340', 'female', '', '2019-04-23 16:20:11', '0000-00-00 00:00:00'),
(00000146, 'Robert', 'Downey', 'J', '1960-03-11', 6909, 'A, Rd.', 0, 'Houston', 45, 79989, 'doc46@gmail.com', '145525065', 'male', 'Asian', '2019-04-23 16:20:11', '0000-00-00 00:00:00'),
(00000147, 'Charlize', 'Theron', '', '1961-04-12', 1155, 'Dictum. Av.', 0, 'Los Angeles', 5, 18480, 'doc47@gmail.com', '209219898', 'female', 'Asian', '2019-04-23 16:20:12', '0000-00-00 00:00:00'),
(00000148, 'Jeffrey', 'Dean', 'M', '1962-05-13', 6060, 'Ullamcorper Ave', 0, 'Houston', 45, 55156, 'doc48@gmail.com', '802930913', 'male', 'Asian', '2019-04-23 16:20:13', '0000-00-00 00:00:00'),
(00000149, 'Emma', 'Stone', 'S', '1963-06-14', 9667, 'Porttitor Av.', 0, 'Los Angeles', 5, 28106, 'doc49@gmail.com', '127933111', 'female', '', '2019-04-23 16:20:14', '0000-00-00 00:00:00'),
(00000150, 'Hugh', 'Jackmon', '', '1964-07-15', 3418, 'Non Ave', 0, 'West Valley City', 10, 92901, 'doc50@gmail.com', '686661019', 'male', 'Hispanic', '2019-04-23 16:20:15', '0000-00-00 00:00:00'),
(00001078, 'De', 'Vo', NULL, '1997-04-10', 12, 'Main st', NULL, 'Houston', 45, 77003, 'dxvo@uh.edu', '2818188282', 'male', 'White', '2019-04-23 16:41:58', '0000-00-00 00:00:00'),
(00001079, 'John', 'Strait', 'R', '1981-03-14', 3145, 'Buffalo Speed Way ', NULL, 'houston', 45, 77004, 'doc51@gmail.com', '8328248765', 'male', 'White', '2019-04-23 20:10:21', '0000-00-00 00:00:00'),
(00001080, 'Maria', 'Stone', 'E', '1988-12-01', 1312, 'Galleria St', NULL, 'Houston', 45, 77004, 'staff51@gmail.com', '2818191092', 'female', '', '2019-04-23 20:13:39', '0000-00-00 00:00:00');

-- 
-- Dumping data for table doctor
--
INSERT INTO doctor VALUES
(00000101, 21, '1999-02-16', 'Employed'),
(00000102, 21, '1999-02-17', 'Employed'),
(00000103, 21, '1999-02-18', 'Employed'),
(00000104, 21, '1999-02-19', 'Employed'),
(00000105, 1, '1999-02-20', 'Employed'),
(00000106, 2, '1999-02-21', 'Employed'),
(00000107, 3, '1999-02-22', 'Employed'),
(00000108, 4, '1999-02-23', 'Employed'),
(00000109, 21, '1999-02-24', 'Employed'),
(00000110, 5, '1999-02-25', 'Employed'),
(00000111, 21, '1999-02-26', 'Employed'),
(00000112, 21, '1999-02-27', 'Employed'),
(00000113, 21, '1999-02-28', 'Employed'),
(00000114, 21, '0000-00-00', 'Employed'),
(00000115, 6, '0000-00-00', 'Employed'),
(00000116, 7, '0000-00-00', 'Employed'),
(00000117, 8, '0000-00-00', 'Employed'),
(00000118, 9, '0000-00-00', 'Employed'),
(00000119, 10, '0000-00-00', 'Employed'),
(00000120, 21, '0000-00-00', 'Employed'),
(00000121, 11, '0000-00-00', 'Employed'),
(00000122, 12, '0000-00-00', 'Employed'),
(00000123, 13, '0000-00-00', 'Employed'),
(00000124, 14, '0000-00-00', 'Employed'),
(00000125, 15, '0000-00-00', 'Employed'),
(00000126, 16, '0000-00-00', 'Employed'),
(00000127, 17, '0000-00-00', 'Employed'),
(00000128, 18, '0000-00-00', 'Employed'),
(00000129, 19, '0000-00-00', 'Employed'),
(00000130, 20, '0000-00-00', 'Employed'),
(00000131, 1, '0000-00-00', 'Employed'),
(00000132, 2, '0000-00-00', 'Employed'),
(00000133, 3, '0000-00-00', 'Employed'),
(00000134, 4, '0000-00-00', 'Employed'),
(00000135, 5, '0000-00-00', 'Employed'),
(00000136, 6, '0000-00-00', 'Employed'),
(00000137, 7, '0000-00-00', 'Employed'),
(00000138, 8, '0000-00-00', 'Employed'),
(00000139, 9, '0000-00-00', 'Employed'),
(00000140, 10, '0000-00-00', 'Employed'),
(00000141, 11, '0000-00-00', 'Employed'),
(00000142, 12, '0000-00-00', 'Employed'),
(00000143, 13, '0000-00-00', 'Employed'),
(00000144, 14, '0000-00-00', 'Employed'),
(00000145, 15, '0000-00-00', 'Employed'),
(00000146, 16, '0000-00-00', 'Employed'),
(00000147, 17, '0000-00-00', 'Employed'),
(00000148, 18, '0000-00-00', 'Employed'),
(00000149, 19, '0000-00-00', 'Employed'),
(00000150, 20, '0000-00-00', 'Employed'),
(00001079, 9, '2019-04-23', 'Employed');

-- 
-- Dumping data for table staff
--
INSERT INTO staff VALUES
(00000051, 00001, '2000-01-01', 'MTuW', 'Employed'),
(00000052, 00002, '2000-01-02', 'ThF', 'Employed'),
(00000053, 00003, '2000-01-03', 'SaSu', 'Employed'),
(00000054, 00004, '2000-01-04', 'MTuW', 'Employed'),
(00000055, 00005, '2000-01-05', 'ThF', 'Employed'),
(00000056, 00006, '2000-01-06', 'SaSu', 'Employed'),
(00000057, 00007, '2000-01-07', 'MTuW', 'Employed'),
(00000058, 00008, '2000-01-08', 'ThF', 'Employed'),
(00000059, 00009, '2000-01-09', 'SaSu', 'Employed'),
(00000060, 00010, '2000-01-10', 'MTuW', 'Employed'),
(00000061, 00001, '2000-01-11', 'ThF', 'Employed'),
(00000062, 00002, '2000-01-12', 'SaSu', 'Employed'),
(00000063, 00003, '2000-01-13', 'MTuW', 'Employed'),
(00000064, 00004, '2000-01-14', 'ThF', 'Employed'),
(00000065, 00005, '2000-01-15', 'SaSu', 'Employed'),
(00000066, 00006, '2000-01-16', 'MTuW', 'Employed'),
(00000067, 00007, '2000-01-17', 'ThF', 'Employed'),
(00000068, 00008, '2000-01-18', 'SaSu', 'Employed'),
(00000069, 00009, '2000-01-19', 'MTuW', 'Employed'),
(00000070, 00010, '2000-01-20', 'ThF', 'Employed'),
(00000071, 00001, '2000-01-21', 'SaSu', 'Employed'),
(00000072, 00002, '2000-01-22', 'MTuW', 'Employed'),
(00000073, 00003, '2000-01-23', 'ThF', 'Employed'),
(00000074, 00004, '2000-01-24', 'SaSu', 'Employed'),
(00000075, 00005, '2000-01-25', 'MTuW', 'Employed'),
(00000076, 00006, '2000-01-26', 'ThF', 'Employed'),
(00000077, 00007, '2000-01-27', 'SaSu', 'Employed'),
(00000078, 00008, '2000-01-28', 'MTuW', 'Employed'),
(00000079, 00009, '2000-01-01', 'ThF', 'Employed'),
(00000080, 00010, '2000-01-02', 'SaSu', 'Employed'),
(00000081, 00001, '2000-01-03', 'MTuW', 'Employed'),
(00000082, 00002, '2000-01-04', 'ThF', 'Employed'),
(00000083, 00003, '2000-01-05', 'SaSu', 'Employed'),
(00000084, 00004, '2000-01-06', 'MTuW', 'Employed'),
(00000085, 00005, '2000-01-07', 'ThF', 'Employed'),
(00000086, 00006, '2000-01-08', 'SaSu', 'Employed'),
(00000087, 00007, '2000-01-09', 'MTuW', 'Employed'),
(00000088, 00008, '2000-01-10', 'ThF', 'Employed'),
(00000089, 00009, '2000-01-11', 'SaSu', 'Employed'),
(00000090, 00010, '2000-01-12', 'MTuW', 'Employed'),
(00000091, 00001, '2000-01-13', 'ThF', 'Employed'),
(00000092, 00002, '2000-01-14', 'SaSu', 'Employed'),
(00000093, 00003, '2000-01-15', 'MTuW', 'Employed'),
(00000094, 00004, '2000-01-16', 'ThF', 'Employed'),
(00000095, 00005, '2000-01-17', 'SaSu', 'Employed'),
(00000096, 00006, '2000-01-18', 'MTuW', 'Employed'),
(00000097, 00007, '2000-01-19', 'ThF', 'Employed'),
(00000098, 00008, '2000-01-20', 'SaSu', 'Employed'),
(00000099, 00009, '2000-01-21', 'MTuW', 'Employed'),
(00000100, 00010, '2000-01-22', 'ThF', 'Employed'),
(00001080, 00001, '2019-04-23', 'MWF', 'Employed');

-- 
-- Dumping data for table patient
--
INSERT INTO patient VALUES
(00000001, '2000-02-16', NULL, 00000104, 'F'),
(00000002, '2000-02-17', NULL, 00000102, 'F'),
(00000003, '2000-02-18', NULL, 00000103, 'F'),
(00000004, '2000-02-19', NULL, 00000120, 'F'),
(00000005, '2000-02-20', NULL, 00000120, 'F'),
(00000006, '2000-02-21', NULL, 00000120, 'F'),
(00000007, '2000-02-22', NULL, 00000102, 'F'),
(00000008, '2000-02-23', NULL, 00000109, 'F'),
(00000009, '2000-02-24', NULL, 00000103, 'F'),
(00000010, '2000-02-25', NULL, 00000109, 'F'),
(00000011, '2000-02-26', NULL, 00000104, 'F'),
(00000012, '2000-02-27', NULL, 00000101, 'F'),
(00000013, '2000-02-28', NULL, 00000103, 'F'),
(00000014, '2000-02-29', NULL, 00000102, 'F'),
(00000015, '0000-00-00', NULL, 00000109, 'F'),
(00000016, '0000-00-00', NULL, 00000102, 'F'),
(00000017, '0000-00-00', NULL, 00000103, 'F'),
(00000018, '0000-00-00', NULL, 00000101, 'F'),
(00000019, '0000-00-00', NULL, 00000120, 'F'),
(00000020, '0000-00-00', NULL, 00000111, 'F'),
(00000021, '0000-00-00', NULL, 00000103, 'F'),
(00000022, '0000-00-00', NULL, 00000120, 'F'),
(00000023, '0000-00-00', NULL, 00000102, 'F'),
(00000024, '0000-00-00', NULL, 00000109, 'F'),
(00000025, '0000-00-00', NULL, 00000111, 'F'),
(00000026, '0000-00-00', NULL, 00000120, 'F'),
(00000027, '0000-00-00', NULL, 00000102, 'F'),
(00000028, '0000-00-00', NULL, 00000112, 'F'),
(00000029, '0000-00-00', NULL, 00000103, 'F'),
(00000030, '0000-00-00', NULL, 00000120, 'F'),
(00000031, '0000-00-00', NULL, 00000120, 'F'),
(00000032, '0000-00-00', NULL, 00000102, 'F'),
(00000033, '0000-00-00', NULL, 00000120, 'F'),
(00000034, '0000-00-00', NULL, 00000102, 'F'),
(00000035, '0000-00-00', NULL, 00000112, 'F'),
(00000036, '0000-00-00', NULL, 00000104, 'F'),
(00000037, '0000-00-00', NULL, 00000103, 'F'),
(00000038, '0000-00-00', NULL, 00000103, 'F'),
(00000039, '0000-00-00', NULL, 00000102, 'F'),
(00000040, '0000-00-00', NULL, 00000120, 'F'),
(00000041, '0000-00-00', NULL, 00000102, 'F'),
(00000042, '0000-00-00', NULL, 00000120, 'F'),
(00000043, '0000-00-00', NULL, 00000109, 'F'),
(00000044, '0000-00-00', NULL, 00000120, 'F'),
(00000045, '0000-00-00', NULL, 00000113, 'F'),
(00000046, '0000-00-00', NULL, 00000109, 'F'),
(00000047, '0000-00-00', NULL, 00000113, 'F'),
(00000048, '0000-00-00', NULL, 00000103, 'F'),
(00000049, '0000-00-00', NULL, 00000114, 'F'),
(00000050, '0000-00-00', NULL, 00000103, 'F');

-- 
-- Dumping data for table appointment
--
INSERT INTO appointment VALUES
(1000000711, 'General', '2019-04-23', 15, '2019-04-23 17:06:41', '0000-00-00 00:00:00', NULL, 00000101, 00000012, 00001, 'Booked'),
(1000000712, 'General', '2019-04-23', 10, '2019-04-23 17:36:39', '2019-04-23 17:36:39', 00000051, 00000101, 00000018, 00001, 'Process');

-- 
-- Dumping data for table specialistrequest
--
INSERT INTO specialistrequest VALUES
(00000079, 00000101, 00000018, 'Pending', '2019-04-23 17:27:01', 'My Heart hurts');

-- 
-- Dumping data for table prescription
--
-- Table medical_clinic.prescription does not contain any data (it is empty)

-- 
-- Dumping data for table post_appointment
--
-- Table medical_clinic.post_appointment does not contain any data (it is empty)

-- 
-- Dumping data for table log_in
--
INSERT INTO log_in VALUES
(00000001, 'pat1', '5f4dcc3b5aa765d61d8327deb882cf99'),
(00000002, 'pat2', '5f4dcc3b5aa765d61d8327deb882cf99'),
(00000003, 'pat3', '5f4dcc3b5aa765d61d8327deb882cf99'),
(00000004, 'pat4', '5f4dcc3b5aa765d61d8327deb882cf99'),
(00000005, 'pat5', '5f4dcc3b5aa765d61d8327deb882cf99'),
(00000006, 'pat6', '5f4dcc3b5aa765d61d8327deb882cf99'),
(00000007, 'pat7', '5f4dcc3b5aa765d61d8327deb882cf99'),
(00000008, 'pat8', '5f4dcc3b5aa765d61d8327deb882cf99'),
(00000009, 'pat9', '5f4dcc3b5aa765d61d8327deb882cf99'),
(00000010, 'pat10', '5f4dcc3b5aa765d61d8327deb882cf99'),
(00000011, 'pat11', '5f4dcc3b5aa765d61d8327deb882cf99'),
(00000012, 'pat12', '5f4dcc3b5aa765d61d8327deb882cf99'),
(00000013, 'pat13', '5f4dcc3b5aa765d61d8327deb882cf99'),
(00000014, 'pat14', '5f4dcc3b5aa765d61d8327deb882cf99'),
(00000015, 'pat15', '5f4dcc3b5aa765d61d8327deb882cf99'),
(00000016, 'pat16', '5f4dcc3b5aa765d61d8327deb882cf99'),
(00000017, 'pat17', '5f4dcc3b5aa765d61d8327deb882cf99'),
(00000018, 'pat18', '5f4dcc3b5aa765d61d8327deb882cf99'),
(00000019, 'pat19', '5f4dcc3b5aa765d61d8327deb882cf99'),
(00000020, 'pat20', '5f4dcc3b5aa765d61d8327deb882cf99'),
(00000021, 'pat21', '5f4dcc3b5aa765d61d8327deb882cf99'),
(00000022, 'pat22', '5f4dcc3b5aa765d61d8327deb882cf99'),
(00000023, 'pat23', '5f4dcc3b5aa765d61d8327deb882cf99'),
(00000024, 'pat24', '5f4dcc3b5aa765d61d8327deb882cf99'),
(00000025, 'pat25', '5f4dcc3b5aa765d61d8327deb882cf99'),
(00000026, 'pat26', '5f4dcc3b5aa765d61d8327deb882cf99'),
(00000027, 'pat27', '5f4dcc3b5aa765d61d8327deb882cf99'),
(00000028, 'pat28', '5f4dcc3b5aa765d61d8327deb882cf99'),
(00000029, 'pat29', '5f4dcc3b5aa765d61d8327deb882cf99'),
(00000030, 'pat30', '5f4dcc3b5aa765d61d8327deb882cf99'),
(00000031, 'pat31', '5f4dcc3b5aa765d61d8327deb882cf99'),
(00000032, 'pat32', '5f4dcc3b5aa765d61d8327deb882cf99'),
(00000033, 'pat33', '5f4dcc3b5aa765d61d8327deb882cf99'),
(00000034, 'pat34', '5f4dcc3b5aa765d61d8327deb882cf99'),
(00000035, 'pat35', '5f4dcc3b5aa765d61d8327deb882cf99'),
(00000036, 'pat36', '5f4dcc3b5aa765d61d8327deb882cf99'),
(00000037, 'pat37', '5f4dcc3b5aa765d61d8327deb882cf99'),
(00000038, 'pat38', '5f4dcc3b5aa765d61d8327deb882cf99'),
(00000039, 'pat39', '5f4dcc3b5aa765d61d8327deb882cf99'),
(00000040, 'pat40', '5f4dcc3b5aa765d61d8327deb882cf99'),
(00000041, 'pat41', '5f4dcc3b5aa765d61d8327deb882cf99'),
(00000042, 'pat42', '5f4dcc3b5aa765d61d8327deb882cf99'),
(00000043, 'pat43', '5f4dcc3b5aa765d61d8327deb882cf99'),
(00000044, 'pat44', '5f4dcc3b5aa765d61d8327deb882cf99'),
(00000045, 'pat45', '5f4dcc3b5aa765d61d8327deb882cf99'),
(00000046, 'pat46', '5f4dcc3b5aa765d61d8327deb882cf99'),
(00000047, 'pat47', '5f4dcc3b5aa765d61d8327deb882cf99'),
(00000048, 'pat48', '5f4dcc3b5aa765d61d8327deb882cf99'),
(00000049, 'pat49', '5f4dcc3b5aa765d61d8327deb882cf99'),
(00000050, 'pat50', '5f4dcc3b5aa765d61d8327deb882cf99'),
(00000051, 'staff1', '5f4dcc3b5aa765d61d8327deb882cf99'),
(00000052, 'staff2', '5f4dcc3b5aa765d61d8327deb882cf99'),
(00000053, 'staff3', '5f4dcc3b5aa765d61d8327deb882cf99'),
(00000054, 'staff4', '5f4dcc3b5aa765d61d8327deb882cf99'),
(00000055, 'staff5', '5f4dcc3b5aa765d61d8327deb882cf99'),
(00000056, 'staff6', '5f4dcc3b5aa765d61d8327deb882cf99'),
(00000057, 'staff7', '5f4dcc3b5aa765d61d8327deb882cf99'),
(00000058, 'staff8', '5f4dcc3b5aa765d61d8327deb882cf99'),
(00000059, 'staff9', '5f4dcc3b5aa765d61d8327deb882cf99'),
(00000060, 'staff10', '5f4dcc3b5aa765d61d8327deb882cf99'),
(00000061, 'staff11', '5f4dcc3b5aa765d61d8327deb882cf99'),
(00000062, 'staff12', '5f4dcc3b5aa765d61d8327deb882cf99'),
(00000063, 'staff13', '5f4dcc3b5aa765d61d8327deb882cf99'),
(00000064, 'staff14', '5f4dcc3b5aa765d61d8327deb882cf99'),
(00000065, 'staff15', '5f4dcc3b5aa765d61d8327deb882cf99'),
(00000066, 'staff16', '5f4dcc3b5aa765d61d8327deb882cf99'),
(00000067, 'staff17', '5f4dcc3b5aa765d61d8327deb882cf99'),
(00000068, 'staff18', '5f4dcc3b5aa765d61d8327deb882cf99'),
(00000069, 'staff19', '5f4dcc3b5aa765d61d8327deb882cf99'),
(00000070, 'staff20', '5f4dcc3b5aa765d61d8327deb882cf99'),
(00000071, 'staff21', '5f4dcc3b5aa765d61d8327deb882cf99'),
(00000072, 'staff22', '5f4dcc3b5aa765d61d8327deb882cf99'),
(00000073, 'staff23', '5f4dcc3b5aa765d61d8327deb882cf99'),
(00000074, 'staff24', '5f4dcc3b5aa765d61d8327deb882cf99'),
(00000075, 'staff25', '5f4dcc3b5aa765d61d8327deb882cf99'),
(00000076, 'staff26', '5f4dcc3b5aa765d61d8327deb882cf99'),
(00000077, 'staff27', '5f4dcc3b5aa765d61d8327deb882cf99'),
(00000078, 'staff28', '5f4dcc3b5aa765d61d8327deb882cf99'),
(00000079, 'staff29', '5f4dcc3b5aa765d61d8327deb882cf99'),
(00000080, 'staff30', '5f4dcc3b5aa765d61d8327deb882cf99'),
(00000081, 'staff31', '5f4dcc3b5aa765d61d8327deb882cf99'),
(00000082, 'staff32', '5f4dcc3b5aa765d61d8327deb882cf99'),
(00000083, 'staff33', '5f4dcc3b5aa765d61d8327deb882cf99'),
(00000084, 'staff34', '5f4dcc3b5aa765d61d8327deb882cf99'),
(00000085, 'staff35', '5f4dcc3b5aa765d61d8327deb882cf99'),
(00000086, 'staff36', '5f4dcc3b5aa765d61d8327deb882cf99'),
(00000087, 'staff37', '5f4dcc3b5aa765d61d8327deb882cf99'),
(00000088, 'staff38', '5f4dcc3b5aa765d61d8327deb882cf99'),
(00000089, 'staff39', '5f4dcc3b5aa765d61d8327deb882cf99'),
(00000090, 'staff40', '5f4dcc3b5aa765d61d8327deb882cf99'),
(00000091, 'staff41', '5f4dcc3b5aa765d61d8327deb882cf99'),
(00000092, 'staff42', '5f4dcc3b5aa765d61d8327deb882cf99'),
(00000093, 'staff43', '5f4dcc3b5aa765d61d8327deb882cf99'),
(00000094, 'staff44', '5f4dcc3b5aa765d61d8327deb882cf99'),
(00000095, 'staff45', '5f4dcc3b5aa765d61d8327deb882cf99'),
(00000096, 'staff46', '5f4dcc3b5aa765d61d8327deb882cf99'),
(00000097, 'staff47', '5f4dcc3b5aa765d61d8327deb882cf99'),
(00000098, 'staff48', '5f4dcc3b5aa765d61d8327deb882cf99'),
(00000099, 'staff49', '5f4dcc3b5aa765d61d8327deb882cf99'),
(00000100, 'staff50', '5f4dcc3b5aa765d61d8327deb882cf99'),
(00000101, 'doc1', '5f4dcc3b5aa765d61d8327deb882cf99'),
(00000102, 'doc2', '5f4dcc3b5aa765d61d8327deb882cf99'),
(00000103, 'doc3', '5f4dcc3b5aa765d61d8327deb882cf99'),
(00000104, 'doc4', '5f4dcc3b5aa765d61d8327deb882cf99'),
(00000105, 'doc5', '5f4dcc3b5aa765d61d8327deb882cf99'),
(00000106, 'doc6', '5f4dcc3b5aa765d61d8327deb882cf99'),
(00000107, 'doc7', '5f4dcc3b5aa765d61d8327deb882cf99'),
(00000108, 'doc8', '5f4dcc3b5aa765d61d8327deb882cf99'),
(00000109, 'doc9', '5f4dcc3b5aa765d61d8327deb882cf99'),
(00000110, 'doc10', '5f4dcc3b5aa765d61d8327deb882cf99'),
(00000111, 'doc11', '5f4dcc3b5aa765d61d8327deb882cf99'),
(00000112, 'doc12', '5f4dcc3b5aa765d61d8327deb882cf99'),
(00000113, 'doc13', '5f4dcc3b5aa765d61d8327deb882cf99'),
(00000114, 'doc14', '5f4dcc3b5aa765d61d8327deb882cf99'),
(00000115, 'doc15', '5f4dcc3b5aa765d61d8327deb882cf99'),
(00000116, 'doc16', '5f4dcc3b5aa765d61d8327deb882cf99'),
(00000117, 'doc17', '5f4dcc3b5aa765d61d8327deb882cf99'),
(00000118, 'doc18', '5f4dcc3b5aa765d61d8327deb882cf99'),
(00000119, 'doc19', '5f4dcc3b5aa765d61d8327deb882cf99'),
(00000120, 'doc20', '5f4dcc3b5aa765d61d8327deb882cf99'),
(00000121, 'doc21', '5f4dcc3b5aa765d61d8327deb882cf99'),
(00000122, 'doc22', '5f4dcc3b5aa765d61d8327deb882cf99'),
(00000123, 'doc23', '5f4dcc3b5aa765d61d8327deb882cf99'),
(00000124, 'doc24', '5f4dcc3b5aa765d61d8327deb882cf99'),
(00000125, 'doc25', '5f4dcc3b5aa765d61d8327deb882cf99'),
(00000126, 'doc26', '5f4dcc3b5aa765d61d8327deb882cf99'),
(00000127, 'doc27', '5f4dcc3b5aa765d61d8327deb882cf99'),
(00000128, 'doc28', '5f4dcc3b5aa765d61d8327deb882cf99'),
(00000129, 'doc29', '5f4dcc3b5aa765d61d8327deb882cf99'),
(00000130, 'doc30', '5f4dcc3b5aa765d61d8327deb882cf99'),
(00000131, 'doc31', '5f4dcc3b5aa765d61d8327deb882cf99'),
(00000132, 'doc32', '5f4dcc3b5aa765d61d8327deb882cf99'),
(00000133, 'doc33', '5f4dcc3b5aa765d61d8327deb882cf99'),
(00000134, 'doc34', '5f4dcc3b5aa765d61d8327deb882cf99'),
(00000135, 'doc35', '5f4dcc3b5aa765d61d8327deb882cf99'),
(00000136, 'doc36', '5f4dcc3b5aa765d61d8327deb882cf99'),
(00000137, 'doc37', '5f4dcc3b5aa765d61d8327deb882cf99'),
(00000138, 'doc38', '5f4dcc3b5aa765d61d8327deb882cf99'),
(00000139, 'doc39', '5f4dcc3b5aa765d61d8327deb882cf99'),
(00000140, 'doc40', '5f4dcc3b5aa765d61d8327deb882cf99'),
(00000141, 'doc41', '5f4dcc3b5aa765d61d8327deb882cf99'),
(00000142, 'doc42', '5f4dcc3b5aa765d61d8327deb882cf99'),
(00000143, 'doc43', '5f4dcc3b5aa765d61d8327deb882cf99'),
(00000144, 'doc44', '5f4dcc3b5aa765d61d8327deb882cf99'),
(00000145, 'doc45', '5f4dcc3b5aa765d61d8327deb882cf99'),
(00000146, 'doc46', '5f4dcc3b5aa765d61d8327deb882cf99'),
(00000147, 'doc47', '5f4dcc3b5aa765d61d8327deb882cf99'),
(00000148, 'doc48', '5f4dcc3b5aa765d61d8327deb882cf99'),
(00000149, 'doc49', '5f4dcc3b5aa765d61d8327deb882cf99'),
(00000150, 'doc50', '5f4dcc3b5aa765d61d8327deb882cf99'),
(00001078, 'admin', '5f4dcc3b5aa765d61d8327deb882cf99'),
(00001079, 'doc51', '5f4dcc3b5aa765d61d8327deb882cf99'),
(00001080, 'staff51', '5f4dcc3b5aa765d61d8327deb882cf99');

-- 
-- Dumping data for table health_profile
--
INSERT INTO health_profile VALUES
(00000001, NULL, NULL, NULL, NULL),
(00000002, NULL, NULL, NULL, NULL),
(00000003, NULL, NULL, NULL, NULL),
(00000004, NULL, NULL, NULL, NULL),
(00000005, NULL, NULL, NULL, NULL),
(00000006, NULL, NULL, NULL, NULL),
(00000007, NULL, NULL, NULL, NULL),
(00000008, NULL, NULL, NULL, NULL),
(00000009, NULL, NULL, NULL, NULL),
(00000010, NULL, NULL, NULL, NULL),
(00000011, NULL, NULL, NULL, NULL),
(00000012, NULL, NULL, NULL, NULL),
(00000013, NULL, NULL, NULL, NULL),
(00000014, NULL, NULL, NULL, NULL),
(00000015, NULL, NULL, NULL, NULL),
(00000016, NULL, NULL, NULL, NULL),
(00000017, NULL, NULL, NULL, NULL),
(00000018, 'B-', 'He is alright', 160.00, 120.00),
(00000019, NULL, NULL, NULL, NULL),
(00000020, NULL, NULL, NULL, NULL),
(00000021, NULL, NULL, NULL, NULL),
(00000022, NULL, NULL, NULL, NULL),
(00000023, NULL, NULL, NULL, NULL),
(00000024, NULL, NULL, NULL, NULL),
(00000025, NULL, NULL, NULL, NULL),
(00000026, NULL, NULL, NULL, NULL),
(00000027, NULL, NULL, NULL, NULL),
(00000028, NULL, NULL, NULL, NULL),
(00000029, NULL, NULL, NULL, NULL),
(00000030, NULL, NULL, NULL, NULL),
(00000031, NULL, NULL, NULL, NULL),
(00000032, NULL, NULL, NULL, NULL),
(00000033, NULL, NULL, NULL, NULL),
(00000034, NULL, NULL, NULL, NULL),
(00000035, NULL, NULL, NULL, NULL),
(00000036, NULL, NULL, NULL, NULL),
(00000037, NULL, NULL, NULL, NULL),
(00000038, NULL, NULL, NULL, NULL),
(00000039, NULL, NULL, NULL, NULL),
(00000040, NULL, NULL, NULL, NULL),
(00000041, NULL, NULL, NULL, NULL),
(00000042, NULL, NULL, NULL, NULL),
(00000043, NULL, NULL, NULL, NULL),
(00000044, NULL, NULL, NULL, NULL),
(00000045, NULL, NULL, NULL, NULL),
(00000046, NULL, NULL, NULL, NULL),
(00000047, NULL, NULL, NULL, NULL),
(00000048, NULL, NULL, NULL, NULL),
(00000049, NULL, NULL, NULL, NULL),
(00000050, NULL, NULL, NULL, NULL);

-- 
-- Dumping data for table doctor_office
--
INSERT INTO doctor_office VALUES
(00001, 00000101, '1999-02-16', NULL, 'MTuWThFSaSu'),
(00001, 00000105, '1999-02-16', NULL, 'ThF'),
(00001, 00000115, '1999-02-16', NULL, 'MTuW'),
(00001, 00000122, '1999-02-16', NULL, 'SaSu'),
(00001, 00000128, '1999-02-16', NULL, 'ThF'),
(00001, 00000148, '1999-02-16', NULL, 'MTuW'),
(00001, 00001079, '2019-04-23', NULL, 'MTuTh'),
(00002, 00000111, '1999-02-16', NULL, 'MTuWThFSaSu'),
(00002, 00000116, '1999-02-16', NULL, 'MTuW'),
(00002, 00000132, '1999-02-16', NULL, 'SaSu'),
(00002, 00000143, '1999-02-16', NULL, 'ThF'),
(00002, 00000149, '1999-02-16', NULL, 'SaSu'),
(00003, 00000107, '1999-02-16', NULL, 'ThF'),
(00003, 00000112, '1999-02-16', NULL, 'MTuWThFSaSu'),
(00003, 00000138, '1999-02-16', NULL, 'SaSu'),
(00003, 00000144, '1999-02-16', NULL, 'SaSu'),
(00004, 00000108, '1999-02-16', NULL, 'ThF'),
(00004, 00000113, '1999-02-16', NULL, 'MTuWThFSaSu'),
(00004, 00000119, '1999-02-16', NULL, 'SaSu'),
(00004, 00000125, '1999-02-16', NULL, 'ThF'),
(00004, 00000130, '1999-02-16', NULL, 'ThF'),
(00004, 00000146, '1999-02-16', NULL, 'MTuW'),
(00005, 00000110, '1999-02-16', NULL, 'SaSu'),
(00005, 00000114, '1999-02-16', NULL, 'MTuWThFSaSu'),
(00005, 00000141, '1999-02-16', NULL, 'ThF'),
(00005, 00000147, '1999-02-16', NULL, 'SaSu'),
(00006, 00000102, '1999-02-16', NULL, 'MTuWThFSaSu'),
(00006, 00000105, '1999-02-16', NULL, 'SaSu'),
(00006, 00000107, '1999-02-16', NULL, 'MTuW'),
(00006, 00000108, '1999-02-16', NULL, 'MTuW'),
(00006, 00000110, '1999-02-16', NULL, 'ThF'),
(00006, 00000115, '1999-02-16', NULL, 'ThF'),
(00006, 00000116, '1999-02-16', NULL, 'ThF'),
(00006, 00000119, '1999-02-16', NULL, 'MTuW'),
(00006, 00000122, '1999-02-16', NULL, 'ThF'),
(00006, 00000125, '1999-02-16', NULL, 'SaSu'),
(00006, 00000128, '1999-02-16', NULL, 'MTuW'),
(00006, 00000130, '1999-02-16', NULL, 'MTuW'),
(00006, 00000132, '1999-02-16', NULL, 'ThF'),
(00006, 00000138, '1999-02-16', NULL, 'ThF'),
(00006, 00000141, '1999-02-16', NULL, 'SaSu'),
(00006, 00000143, '1999-02-16', NULL, 'MTuW'),
(00006, 00000144, '1999-02-16', NULL, 'MTuW'),
(00006, 00000146, '1999-02-16', NULL, 'ThF'),
(00006, 00000147, '1999-02-16', NULL, 'MTuW'),
(00006, 00000148, '1999-02-16', NULL, 'SaSu'),
(00006, 00000149, '1999-02-16', NULL, 'MTuW'),
(00007, 00000107, '1999-02-16', NULL, 'SaSu'),
(00007, 00000108, '1999-02-16', NULL, 'SaSu'),
(00007, 00000109, '1999-02-16', NULL, 'MTuWThFSaSu'),
(00007, 00000110, '1999-02-16', NULL, 'MTuW'),
(00007, 00000115, '1999-02-16', NULL, 'SaSu'),
(00007, 00000116, '1999-02-16', NULL, 'SaSu'),
(00007, 00000119, '1999-02-16', NULL, 'ThF'),
(00007, 00000122, '1999-02-16', NULL, 'MTuW'),
(00007, 00000125, '1999-02-16', NULL, 'MTuW'),
(00007, 00000128, '1999-02-16', NULL, 'SaSu'),
(00007, 00000130, '1999-02-16', NULL, 'SaSu'),
(00007, 00000131, '1999-02-16', NULL, 'ThF'),
(00007, 00000132, '1999-02-16', NULL, 'MTuW'),
(00007, 00000138, '1999-02-16', NULL, 'MTuW'),
(00007, 00000141, '1999-02-16', NULL, 'MTuW'),
(00007, 00000143, '1999-02-16', NULL, 'SaSu'),
(00007, 00000144, '1999-02-16', NULL, 'ThF'),
(00007, 00000146, '1999-02-16', NULL, 'SaSu'),
(00007, 00000147, '1999-02-16', NULL, 'ThF'),
(00007, 00000148, '1999-02-16', NULL, 'ThF'),
(00007, 00000149, '1999-02-16', NULL, 'ThF'),
(00008, 00000104, '1999-02-16', NULL, 'MTuWThFSaSu'),
(00008, 00000105, '1999-02-16', NULL, 'MTuW'),
(00008, 00000106, '1999-02-16', NULL, 'SaSu'),
(00008, 00000117, '1999-02-16', NULL, 'SaSu'),
(00008, 00000118, '1999-02-16', NULL, 'SaSu'),
(00008, 00000121, '1999-02-16', NULL, 'ThF'),
(00008, 00000123, '1999-02-16', NULL, 'MTuW'),
(00008, 00000124, '1999-02-16', NULL, 'ThF'),
(00008, 00000126, '1999-02-16', NULL, 'SaSu'),
(00008, 00000127, '1999-02-16', NULL, 'SaSu'),
(00008, 00000129, '1999-02-16', NULL, 'SaSu'),
(00008, 00000133, '1999-02-16', NULL, 'MTuW'),
(00008, 00000134, '1999-02-16', NULL, 'SaSu'),
(00008, 00000135, '1999-02-16', NULL, 'SaSu'),
(00008, 00000136, '1999-02-16', NULL, 'MTuW'),
(00008, 00000137, '1999-02-16', NULL, 'MTuW'),
(00008, 00000139, '1999-02-16', NULL, 'ThF'),
(00008, 00000140, '1999-02-16', NULL, 'MTuW'),
(00008, 00000142, '1999-02-16', NULL, 'MTuW'),
(00008, 00000145, '1999-02-16', NULL, 'SaSu'),
(00008, 00000150, '1999-02-16', NULL, 'SaSu'),
(00009, 00000106, '1999-02-16', NULL, 'ThF'),
(00009, 00000117, '1999-02-16', NULL, 'ThF'),
(00009, 00000118, '1999-02-16', NULL, 'ThF'),
(00009, 00000120, '1999-02-16', NULL, 'MTuWThFSaSu'),
(00009, 00000121, '1999-02-16', NULL, 'SaSu'),
(00009, 00000123, '1999-02-16', NULL, 'SaSu'),
(00009, 00000124, '1999-02-16', NULL, 'SaSu'),
(00009, 00000126, '1999-02-16', NULL, 'MTuW'),
(00009, 00000127, '1999-02-16', NULL, 'MTuW'),
(00009, 00000129, '1999-02-16', NULL, 'ThF'),
(00009, 00000131, '1999-02-16', NULL, 'SaSu'),
(00009, 00000133, '1999-02-16', NULL, 'ThF'),
(00009, 00000134, '1999-02-16', NULL, 'ThF'),
(00009, 00000135, '1999-02-16', NULL, 'MTuW'),
(00009, 00000136, '1999-02-16', NULL, 'ThF'),
(00009, 00000137, '1999-02-16', NULL, 'ThF'),
(00009, 00000139, '1999-02-16', NULL, 'MTuW'),
(00009, 00000140, '1999-02-16', NULL, 'SaSu'),
(00009, 00000142, '1999-02-16', NULL, 'ThF'),
(00009, 00000145, '1999-02-16', NULL, 'ThF'),
(00009, 00000150, '1999-02-16', NULL, 'ThF'),
(00010, 00000103, '1999-02-16', NULL, 'MTuWThFSaSu'),
(00010, 00000106, '1999-02-16', NULL, 'MTuW'),
(00010, 00000117, '1999-02-16', NULL, 'MTuW'),
(00010, 00000118, '1999-02-16', NULL, 'MTuW'),
(00010, 00000121, '1999-02-16', NULL, 'MTuW'),
(00010, 00000123, '1999-02-16', NULL, 'ThF'),
(00010, 00000124, '1999-02-16', NULL, 'MTuW'),
(00010, 00000126, '1999-02-16', NULL, 'ThF'),
(00010, 00000127, '1999-02-16', NULL, 'ThF'),
(00010, 00000129, '1999-02-16', NULL, 'MTuW'),
(00010, 00000131, '1999-02-16', NULL, 'MTuW'),
(00010, 00000133, '1999-02-16', NULL, 'SaSu'),
(00010, 00000134, '1999-02-16', NULL, 'MTuW'),
(00010, 00000135, '1999-02-16', NULL, 'ThF'),
(00010, 00000136, '1999-02-16', NULL, 'SaSu'),
(00010, 00000137, '1999-02-16', NULL, 'SaSu'),
(00010, 00000139, '1999-02-16', NULL, 'SaSu'),
(00010, 00000140, '1999-02-16', NULL, 'ThF'),
(00010, 00000142, '1999-02-16', NULL, 'SaSu'),
(00010, 00000145, '1999-02-16', NULL, 'MTuW'),
(00010, 00000150, '1999-02-16', NULL, 'MTuW');

-- 
-- Dumping data for table blood_test_result
--
-- Table medical_clinic.blood_test_result does not contain any data (it is empty)

-- 
-- Dumping data for table admin
--
INSERT INTO admin VALUES
(00001078);

--
-- Set default database
--
USE medical_clinic;

DELIMITER $$

--
-- Create trigger `specialistrequest_AFTER_UPDATE`
--
CREATE
DEFINER = 'devodevo'@'%'
TRIGGER specialistrequest_AFTER_UPDATE
AFTER UPDATE
ON specialistrequest
FOR EACH ROW
BEGIN
  IF (new.Requested_Status = 'Approved') THEN
    UPDATE patient
    SET Approval_Status = 'T'
    WHERE new.Patient_ID = patient.Patient_ID;
  END IF;
END
$$

--
-- Create trigger `appointment_AFTER_INSERT`
--
CREATE
DEFINER = 'devodevo'@'%'
TRIGGER appointment_AFTER_INSERT
AFTER INSERT
ON appointment
FOR EACH ROW
BEGIN
  IF (new.App_Type = 'Specialist') THEN
    UPDATE patient
    SET Approval_Status = 'F'
    WHERE new.Patient_ID = patient.Patient_ID;
  END IF;
END
$$

--
-- Create trigger `appointment_BEFORE_UPDATE`
--
CREATE
DEFINER = 'devodevo'@'%'
TRIGGER appointment_BEFORE_UPDATE
BEFORE UPDATE
ON appointment
FOR EACH ROW
BEGIN
  IF (old.Confirm_By IS NULL
    AND new.Confirm_By IS NOT NULL) THEN
    SET new.Appt_Status = 'Process';
    SET new.Last_Updated = NOW();
  END IF;
END
$$

DELIMITER ;

-- 
-- Restore previous SQL mode
-- 
/*!40101 SET SQL_MODE=@OLD_SQL_MODE */;