"User_ID";"UserName";"Password_Hash"
1;"pat1";"5f4dcc3b5aa765d61d8327deb882cf99"
2;"pat2";"5f4dcc3b5aa765d61d8327deb882cf99"
3;"pat3";"5f4dcc3b5aa765d61d8327deb882cf99"
4;"pat4";"5f4dcc3b5aa765d61d8327deb882cf99"
5;"pat5";"5f4dcc3b5aa765d61d8327deb882cf99"
6;"pat6";"5f4dcc3b5aa765d61d8327deb882cf99"
7;"pat7";"5f4dcc3b5aa765d61d8327deb882cf99"
8;"pat8";"5f4dcc3b5aa765d61d8327deb882cf99"
9;"pat9";"5f4dcc3b5aa765d61d8327deb882cf99"
10;"pat10";"5f4dcc3b5aa765d61d8327deb882cf99"
11;"pat11";"5f4dcc3b5aa765d61d8327deb882cf99"
12;"pat12";"5f4dcc3b5aa765d61d8327deb882cf99"
13;"pat13";"5f4dcc3b5aa765d61d8327deb882cf99"
14;"pat14";"5f4dcc3b5aa765d61d8327deb882cf99"
15;"pat15";"5f4dcc3b5aa765d61d8327deb882cf99"
16;"pat16";"5f4dcc3b5aa765d61d8327deb882cf99"
17;"pat17";"5f4dcc3b5aa765d61d8327deb882cf99"
18;"pat18";"5f4dcc3b5aa765d61d8327deb882cf99"
19;"pat19";"5f4dcc3b5aa765d61d8327deb882cf99"
20;"pat20";"5f4dcc3b5aa765d61d8327deb882cf99"
21;"pat21";"5f4dcc3b5aa765d61d8327deb882cf99"
22;"pat22";"5f4dcc3b5aa765d61d8327deb882cf99"
23;"pat23";"5f4dcc3b5aa765d61d8327deb882cf99"
24;"pat24";"5f4dcc3b5aa765d61d8327deb882cf99"
25;"pat25";"5f4dcc3b5aa765d61d8327deb882cf99"
26;"pat26";"5f4dcc3b5aa765d61d8327deb882cf99"
27;"pat27";"5f4dcc3b5aa765d61d8327deb882cf99"
28;"pat28";"5f4dcc3b5aa765d61d8327deb882cf99"
29;"pat29";"5f4dcc3b5aa765d61d8327deb882cf99"
30;"pat30";"5f4dcc3b5aa765d61d8327deb882cf99"
31;"pat31";"5f4dcc3b5aa765d61d8327deb882cf99"
32;"pat32";"5f4dcc3b5aa765d61d8327deb882cf99"
33;"pat33";"5f4dcc3b5aa765d61d8327deb882cf99"
34;"pat34";"5f4dcc3b5aa765d61d8327deb882cf99"
35;"pat35";"5f4dcc3b5aa765d61d8327deb882cf99"
36;"pat36";"5f4dcc3b5aa765d61d8327deb882cf99"
37;"pat37";"5f4dcc3b5aa765d61d8327deb882cf99"
38;"pat38";"5f4dcc3b5aa765d61d8327deb882cf99"
39;"pat39";"5f4dcc3b5aa765d61d8327deb882cf99"
40;"pat40";"5f4dcc3b5aa765d61d8327deb882cf99"
41;"pat41";"5f4dcc3b5aa765d61d8327deb882cf99"
42;"pat42";"5f4dcc3b5aa765d61d8327deb882cf99"
43;"pat43";"5f4dcc3b5aa765d61d8327deb882cf99"
44;"pat44";"5f4dcc3b5aa765d61d8327deb882cf99"
45;"pat45";"5f4dcc3b5aa765d61d8327deb882cf99"
46;"pat46";"5f4dcc3b5aa765d61d8327deb882cf99"
47;"pat47";"5f4dcc3b5aa765d61d8327deb882cf99"
48;"pat48";"5f4dcc3b5aa765d61d8327deb882cf99"
49;"pat49";"5f4dcc3b5aa765d61d8327deb882cf99"
50;"pat50";"5f4dcc3b5aa765d61d8327deb882cf99"
51;"staff1";"5f4dcc3b5aa765d61d8327deb882cf99"
52;"staff2";"5f4dcc3b5aa765d61d8327deb882cf99"
53;"staff3";"5f4dcc3b5aa765d61d8327deb882cf99"
54;"staff4";"5f4dcc3b5aa765d61d8327deb882cf99"
55;"staff5";"5f4dcc3b5aa765d61d8327deb882cf99"
56;"staff6";"5f4dcc3b5aa765d61d8327deb882cf99"
57;"staff7";"5f4dcc3b5aa765d61d8327deb882cf99"
58;"staff8";"5f4dcc3b5aa765d61d8327deb882cf99"
59;"staff9";"5f4dcc3b5aa765d61d8327deb882cf99"
60;"staff10";"5f4dcc3b5aa765d61d8327deb882cf99"
61;"staff11";"5f4dcc3b5aa765d61d8327deb882cf99"
62;"staff12";"5f4dcc3b5aa765d61d8327deb882cf99"
63;"staff13";"5f4dcc3b5aa765d61d8327deb882cf99"
64;"staff14";"5f4dcc3b5aa765d61d8327deb882cf99"
65;"staff15";"5f4dcc3b5aa765d61d8327deb882cf99"
66;"staff16";"5f4dcc3b5aa765d61d8327deb882cf99"
67;"staff17";"5f4dcc3b5aa765d61d8327deb882cf99"
68;"staff18";"5f4dcc3b5aa765d61d8327deb882cf99"
69;"staff19";"5f4dcc3b5aa765d61d8327deb882cf99"
70;"staff20";"5f4dcc3b5aa765d61d8327deb882cf99"
71;"staff21";"5f4dcc3b5aa765d61d8327deb882cf99"
72;"staff22";"5f4dcc3b5aa765d61d8327deb882cf99"
73;"staff23";"5f4dcc3b5aa765d61d8327deb882cf99"
74;"staff24";"5f4dcc3b5aa765d61d8327deb882cf99"
75;"staff25";"5f4dcc3b5aa765d61d8327deb882cf99"
76;"staff26";"5f4dcc3b5aa765d61d8327deb882cf99"
77;"staff27";"5f4dcc3b5aa765d61d8327deb882cf99"
78;"staff28";"5f4dcc3b5aa765d61d8327deb882cf99"
79;"staff29";"5f4dcc3b5aa765d61d8327deb882cf99"
80;"staff30";"5f4dcc3b5aa765d61d8327deb882cf99"
81;"staff31";"5f4dcc3b5aa765d61d8327deb882cf99"
82;"staff32";"5f4dcc3b5aa765d61d8327deb882cf99"
83;"staff33";"5f4dcc3b5aa765d61d8327deb882cf99"
84;"staff34";"5f4dcc3b5aa765d61d8327deb882cf99"
85;"staff35";"5f4dcc3b5aa765d61d8327deb882cf99"
86;"staff36";"5f4dcc3b5aa765d61d8327deb882cf99"
87;"staff37";"5f4dcc3b5aa765d61d8327deb882cf99"
88;"staff38";"5f4dcc3b5aa765d61d8327deb882cf99"
89;"staff39";"5f4dcc3b5aa765d61d8327deb882cf99"
90;"staff40";"5f4dcc3b5aa765d61d8327deb882cf99"
91;"staff41";"5f4dcc3b5aa765d61d8327deb882cf99"
92;"staff42";"5f4dcc3b5aa765d61d8327deb882cf99"
93;"staff43";"5f4dcc3b5aa765d61d8327deb882cf99"
94;"staff44";"5f4dcc3b5aa765d61d8327deb882cf99"
95;"staff45";"5f4dcc3b5aa765d61d8327deb882cf99"
96;"staff46";"5f4dcc3b5aa765d61d8327deb882cf99"
97;"staff47";"5f4dcc3b5aa765d61d8327deb882cf99"
98;"staff48";"5f4dcc3b5aa765d61d8327deb882cf99"
99;"staff49";"5f4dcc3b5aa765d61d8327deb882cf99"
100;"staff50";"5f4dcc3b5aa765d61d8327deb882cf99"
101;"doc1";"5f4dcc3b5aa765d61d8327deb882cf99"
102;"doc2";"5f4dcc3b5aa765d61d8327deb882cf99"
103;"doc3";"5f4dcc3b5aa765d61d8327deb882cf99"
104;"doc4";"5f4dcc3b5aa765d61d8327deb882cf99"
105;"doc5";"5f4dcc3b5aa765d61d8327deb882cf99"
106;"doc6";"5f4dcc3b5aa765d61d8327deb882cf99"
107;"doc7";"5f4dcc3b5aa765d61d8327deb882cf99"
108;"doc8";"5f4dcc3b5aa765d61d8327deb882cf99"
109;"doc9";"5f4dcc3b5aa765d61d8327deb882cf99"
110;"doc10";"5f4dcc3b5aa765d61d8327deb882cf99"
111;"doc11";"5f4dcc3b5aa765d61d8327deb882cf99"
112;"doc12";"5f4dcc3b5aa765d61d8327deb882cf99"
113;"doc13";"5f4dcc3b5aa765d61d8327deb882cf99"
114;"doc14";"5f4dcc3b5aa765d61d8327deb882cf99"
115;"doc15";"5f4dcc3b5aa765d61d8327deb882cf99"
116;"doc16";"5f4dcc3b5aa765d61d8327deb882cf99"
117;"doc17";"5f4dcc3b5aa765d61d8327deb882cf99"
118;"doc18";"5f4dcc3b5aa765d61d8327deb882cf99"
119;"doc19";"5f4dcc3b5aa765d61d8327deb882cf99"
120;"doc20";"5f4dcc3b5aa765d61d8327deb882cf99"
121;"doc21";"5f4dcc3b5aa765d61d8327deb882cf99"
122;"doc22";"5f4dcc3b5aa765d61d8327deb882cf99"
123;"doc23";"5f4dcc3b5aa765d61d8327deb882cf99"
124;"doc24";"5f4dcc3b5aa765d61d8327deb882cf99"
125;"doc25";"5f4dcc3b5aa765d61d8327deb882cf99"
126;"doc26";"5f4dcc3b5aa765d61d8327deb882cf99"
127;"doc27";"5f4dcc3b5aa765d61d8327deb882cf99"
128;"doc28";"5f4dcc3b5aa765d61d8327deb882cf99"
129;"doc29";"5f4dcc3b5aa765d61d8327deb882cf99"
130;"doc30";"5f4dcc3b5aa765d61d8327deb882cf99"
131;"doc31";"5f4dcc3b5aa765d61d8327deb882cf99"
132;"doc32";"5f4dcc3b5aa765d61d8327deb882cf99"
133;"doc33";"5f4dcc3b5aa765d61d8327deb882cf99"
134;"doc34";"5f4dcc3b5aa765d61d8327deb882cf99"
135;"doc35";"5f4dcc3b5aa765d61d8327deb882cf99"
136;"doc36";"5f4dcc3b5aa765d61d8327deb882cf99"
137;"doc37";"5f4dcc3b5aa765d61d8327deb882cf99"
138;"doc38";"5f4dcc3b5aa765d61d8327deb882cf99"
139;"doc39";"5f4dcc3b5aa765d61d8327deb882cf99"
140;"doc40";"5f4dcc3b5aa765d61d8327deb882cf99"
141;"doc41";"5f4dcc3b5aa765d61d8327deb882cf99"
142;"doc42";"5f4dcc3b5aa765d61d8327deb882cf99"
143;"doc43";"5f4dcc3b5aa765d61d8327deb882cf99"
144;"doc44";"5f4dcc3b5aa765d61d8327deb882cf99"
145;"doc45";"5f4dcc3b5aa765d61d8327deb882cf99"
146;"doc46";"5f4dcc3b5aa765d61d8327deb882cf99"
147;"doc47";"5f4dcc3b5aa765d61d8327deb882cf99"
148;"doc48";"5f4dcc3b5aa765d61d8327deb882cf99"
149;"doc49";"5f4dcc3b5aa765d61d8327deb882cf99"
150;"doc50";"5f4dcc3b5aa765d61d8327deb882cf99"
1078;"admin";"5f4dcc3b5aa765d61d8327deb882cf99"
